age,author_name,author_number,browser_codename,browser_detected,browser_name,browser_version,code_author_recog,confidence,correct_author_recog_response,correct_dutch_trial_lextale_response,correct_eng_trial_lextale_response,correct_fre_trial_lextale_response,correct_response,correct_response_author_recog,correct_response_mixed,correct_response_test,count_Stream_Test_sequence,date_startdate,date_startdateUTC,date_starttime,dutch_item,dutch_item_number,dutch_word_status,eng_item,eng_item_number,eng_word_status,experiment_debug,experiment_parameters,experiment_pilot,experiment_taskname,experiment_taskversion,exposure_stream,fre_item,fre_item_number,fre_word_status,global_test_counter,jatosCondition,jatosStudyResultId,jatosVersion,language,nr_correct,ntargets,phase,queryParams_SONA_ID,response_HP_test_question_key,response_OldNew_response,response_author_recog_response,response_behavior_screening_response,response_dutch_trial_lextale_response,response_eng_trial_lextale_response,response_fre_trial_lextale_response,response_gender_input,response_handedness_input,response_informed_consent_key,response_learn_disorder_input,response_mixed_OldNew_response,response_neuro_disorder_input,response_notes_response,response_smartphone_response,response_word_origin_response,screen_availableHeight,screen_availableWidth,screen_colorDepth,screen_height,screen_pixelDepth,screen_screenX,screen_screenY,screen_width,set_origin,sona_participant_id,space_press_times,stimulus,stimulus_idx,stimulus_type,syllable_onset_time,system_os,target_onset_times,tdt_accuracy,tdt_mean_rt,tdt_total_hits,tdt_total_targets
19,None,None,Mozilla,None,Netscape,5.0 (Windows),None,None,None,None,None,None,2,None,None,None,None,06-02-26,06-02-26,10:41:02,None,None,None,None,None,None,0,0,0,0,0,None,None,None,None,0,L2_L1,1047011,3.9.8,None,None,16,None,15511,2,None,None,None,None,None,None,a,r,y,j,None,n,None,None,None,816,1536,24,864,24,-7,-7,1536,None,15511,[],None,None,None,[],Win32,[],None,None,None,None
19,None,None,Mozilla,None,Netscape,5.0 (Windows),None,None,None,None,None,None,2,None,None,None,None,06-02-26,06-02-26,10:41:02,None,None,None,None,None,None,0,0,0,0,0,None,None,None,None,0,L2_L1,1047011,3.9.8,None,None,16,None,15511,2,None,None,None,None,None,None,a,r,y,j,None,n,None,None,None,816,1536,24,864,24,-7,-7,1536,None,15511,[],None,None,None,[],Win32,[],None,None,None,None
19,None,None,Mozilla,None,Netscape,5.0 (Windows),None,None,None,None,None,None,3,None,None,None,None,06-02-26,06-02-26,10:41:02,None,None,None,None,None,None,0,0,0,0,0,None,None,None,None,0,L2_L1,1047011,3.9.8,None,None,16,None,15511,3,None,None,None,None,None,None,a,r,y,j,None,n,None,None,None,816,1536,24,864,24,-7,-7,1536,None,15511,[],None,None,None,[],Win32,[],None,None,None,None
19,None,None,Mozilla,None,Netscape,5.0 (Windows),None,None,None,None,None,None,1,None,None,None,None,06-02-26,06-02-26,10:41:02,None,None,None,None,None,None,0,0,0,0,0,None,None,None,None,0,L2_L1,1047011,3.9.8,None,None,16,None,15511,1,None,None,None,None,None,None,a,r,y,j,None,n,None,None,None,816,1536,24,864,24,-7,-7,1536,None,15511,[],None,None,None,[],Win32,[],None,None,None,None
19,None,None,Mozilla,None,Netscape,5.0 (Windows),None,None,None,None,None,None,1,None,None,None,None,06-02-26,06-02-26,10:41:02,None,None,None,None,None,None,0,0,0,0,0,None,None,None,None,0,L2_L1,1047011,3.9.8,None,None,16,None,15511,1,None,None,None,None,None,None,a,r,y,j,None,n,None,None,None,816,1536,24,864,24,-7,-7,1536,None,15511,[],None,None,None,[],Win32,[],None,None,None,None
19,None,None,Mozilla,None,Netscape,5.0 (Windows),None,None,None,None,None,None,3,None,None,None,None,06-02-26,06-02-26,10:41:02,None,None,None,None,None,None,0,0,0,0,0,None,None,None,None,0,L2_L1,1047011,3.9.8,None,None,16,None,15511,3,None,None,None,None,None,None,a,r,y,j,None,n,None,None,None,816,1536,24,864,24,-7,-7,1536,None,15511,[],None,None,None,[],Win32,[],None,None,None,None
19,None,None,Mozilla,None,Netscape,5.0 (Windows),None,None,None,None,None,None,None,None,None,None,0,06-02-26,06-02-26,10:41:02,None,None,None,None,None,None,0,0,0,0,0,"[8, 9, 4, 5, 0, 1, 14, 15, 6, 7, 12, 13, 10, 11, 2, 3, 12, 13, 99, 2, 3, 8, 9, 4, 5, 6, 7, 14, 15, 10, 11, 0, 1, 14, 15, 6, 7, 12, 13, 8, 9, 0, 1, 2, 3, 10, 11, 4, 5, 6, 7, 10, 11, 99, 2, 3, 4, 5, 14, 15, 12, 13, 0, 1, 8, 9, 14, 15, 8, 9, 4, 5, 12, 13, 0, 1, 10, 11, 2, 3, 99, 6, 7, 14, 15, 2, 3, 6, 7, 8, 9, 10, 11, 12, 13, 0, 1, 4, 5, 6, 7, 12, 13, 99, 0, 1, 10, 11, 8, 9, 4, 5, 2, 3, 14, 15, 2, 3, 6, 7, 4, 5, 8, 9, 0, 1, 99, 14, 15, 10, 11, 12, 13, 14, 15, 6, 7, 8, 9, 10, 11, 4, 5, 0, 1, 2, 3, 12, 13, 8, 9, 2, 3, 14, 15, 99, 0, 1, 4, 5, 10, 11, 12, 13, 6, 7, 8, 9, 99, 6, 7, 2, 3, 14, 15, 4, 5, 12, 13, 0, 1, 10, 11, 4, 5, 0, 1, 8, 9, 99, 10, 11, 2, 3, 12, 13, 6, 7, 14, 15, 0, 1, 8, 9, 4, 5, 10, 11, 2, 3, 6, 7, 12, 13, 14, 15, 2, 3, 14, 15, 12, 13, 6, 7, 10, 11, 4, 5, 99, 0, 1, 8, 9, 12, 13, 2, 3, 0, 1, 99, 4, 5, 8, 9, 14, 15, 10, 11, 6, 7, 10, 11, 12, 13, 2, 3, 6, 7, 14, 15, 0, 1, 8, 9, 4, 5, 10, 11, 12, 13, 6, 7, 99, 2, 3, 4, 5, 8, 9, 14, 15, 0, 1, 12, 13, 14, 15, 6, 7, 2, 3, 8, 9, 10, 11, 99, 4, 5, 0, 1, 6, 7, 0, 1, 12, 13, 99, 14, 15, 10, 11, 4, 5, 2, 3, 8, 9, 0, 1, 2, 3, 14, 15, 4, 5, 6, 7, 12, 13, 10, 11, 8, 9, 4, 5, 12, 13, 6, 7, 99, 0, 1, 8, 9, 10, 11, 14, 15, 2, 3, 6, 7, 2, 3, 14, 15, 4, 5, 12, 13, 10, 11, 0, 1, 8, 9, 10, 11, 0, 1, 8, 9, 99, 14, 15, 12, 13, 4, 5, 2, 3, 6, 7, 12, 13, 6, 7, 8, 9, 14, 15, 99, 2, 3, 10, 11, 0, 1, 4, 5, 10, 11, 8, 9, 4, 5, 0, 1, 6, 7, 12, 13, 99, 14, 15, 2, 3, 0, 1, 8, 9, 2, 3, 6, 7, 12, 13, 10, 11, 14, 15, 4, 5]",None,None,None,0,L2_L1,1047011,3.9.8,L2,17,16,exposure_with_TDT,15511,None,None,None,None,None,None,None,a,r,y,j,None,n,None,None,None,816,1536,24,864,24,-7,-7,1536,None,15511,"[1772790365941, 1772790376118, 1772790380230, 1772790391462, 1772790400705, 1772790410022, 1772790417636, 1772790422009, 1772790427519, 1772790435778, 1772790451781, 1772790456187, 1772790469806, 1772790479316, 1772790483548, 1772790497456, 1772790510567, 1772790518779, 1772790526855]",None,None,None,"[1772790357896, 1772790358303, 1772790358711, 1772790359120, 1772790359529, 1772790359936, 1772790360345, 1772790360753, 1772790361162, 1772790361569, 1772790361978, 1772790362386, 1772790362795, 1772790363203, 1772790363611, 1772790364019, 1772790364428, 1772790364837, 1772790365244, 1772790365652, 1772790366061, 1772790366470, 1772790366878, 1772790367286, 1772790367694, 1772790368103, 1772790368511, 1772790368919, 1772790369328, 1772790369736, 1772790370144, 1772790370552, 1772790370961, 1772790371369, 1772790371778, 1772790372186, 1772790372594, 1772790373003, 1772790373411, 1772790373819, 1772790374228, 1772790374636, 1772790375044, 1772790375453, 1772790375861, 1772790376270, 1772790376678, 1772790377086, 1772790377494, 1772790377903, 1772790378311, 1772790378719, 1772790379127, 1772790379536, 1772790379944, 1772790380353, 1772790380761, 1772790381169, 1772790381577, 1772790381986, 1772790382394, 1772790382802, 1772790383210, 1772790383620, 1772790384027, 1772790384435, 1772790384844, 1772790385252, 1772790385661, 1772790386069, 1772790386477, 1772790386886, 1772790387294, 1772790387702, 1772790388110, 1772790388519, 1772790388928, 1772790389336, 1772790389744, 1772790390153, 1772790390561, 1772790390969, 1772790391377, 1772790391785, 1772790392194, 1772790392602, 1772790393010, 1772790393419, 1772790393827, 1772790394235, 1772790394643, 1772790395052, 1772790395460, 1772790395870, 1772790396277, 1772790396685, 1772790397094, 1772790397502, 1772790397911, 1772790398319, 1772790398727, 1772790399136, 1772790399543, 1772790399952, 1772790400360, 1772790400768, 1772790401177, 1772790401585, 1772790401993, 1772790402402, 1772790402810, 1772790403219, 1772790403627, 1772790404035, 1772790404444, 1772790404852, 1772790405260, 1772790405668, 1772790406077, 1772790406485, 1772790406893, 1772790407302, 1772790407710, 1772790408119, 1772790408527, 1772790408935, 1772790409343, 1772790409752, 1772790410160, 1772790410568, 1772790410977, 1772790411385, 1772790411794, 1772790412202, 1772790412610, 1772790413018, 1772790413427, 1772790413835, 1772790414243, 1772790414652, 1772790415060, 1772790415468, 1772790415877, 1772790416285, 1772790416693, 1772790417101, 1772790417510, 1772790417919, 1772790418326, 1772790418735, 1772790419144, 1772790419551, 1772790419960, 1772790420369, 1772790420776, 1772790421185, 1772790421594, 1772790422001, 1772790422410, 1772790422818, 1772790423227, 1772790423635, 1772790424043, 1772790424451, 1772790424860, 1772790425268, 1772790425678, 1772790426085, 1772790426494, 1772790426901, 1772790427310, 1772790427718, 1772790428126, 1772790428535, 1772790428943, 1772790429352, 1772790429760, 1772790430168, 1772790430576, 1772790430985, 1772790431393, 1772790431801, 1772790432210, 1772790432618, 1772790433027, 1772790433434, 1772790433843, 1772790434252, 1772790434660, 1772790435068, 1772790435476, 1772790435884, 1772790436293, 1772790436701, 1772790437110, 1772790437518, 1772790437926, 1772790438335, 1772790438743, 1772790439151, 1772790439560, 1772790439968, 1772790440376, 1772790440784, 1772790441193, 1772790441601, 1772790442010, 1772790442418, 1772790442827, 1772790443234, 1772790443643, 1772790444052, 1772790444460, 1772790444868, 1772790445277, 1772790445684, 1772790446093, 1772790446501, 1772790446910, 1772790447318, 1772790447726, 1772790448134, 1772790448543, 1772790448951, 1772790449359, 1772790449768, 1772790450176, 1772790450584, 1772790450993, 1772790451402, 1772790451809, 1772790452217, 1772790452626, 1772790453035, 1772790453443, 1772790453851, 1772790454259, 1772790454667, 1772790455076, 1772790455484, 1772790455893, 1772790456301, 1772790456709, 1772790457118, 1772790457526, 1772790457934, 1772790458343, 1772790458752, 1772790459160, 1772790459568, 1772790459976, 1772790460384, 1772790460792, 1772790461201, 1772790461609, 1772790462018, 1772790462426, 1772790462835, 1772790463243, 1772790463651, 1772790464060, 1772790464467, 1772790464876, 1772790465284, 1772790465693, 1772790466101, 1772790466509, 1772790466917, 1772790467326, 1772790467734, 1772790468142, 1772790468550, 1772790468959, 1772790469367, 1772790469776, 1772790470184, 1772790470592, 1772790471001, 1772790471409, 1772790471817, 1772790472225, 1772790472634, 1772790473042, 1772790473451, 1772790473859, 1772790474267, 1772790474676, 1772790475084, 1772790475493, 1772790475901, 1772790476309, 1772790476717, 1772790477125, 1772790477534, 1772790477942, 1772790478350, 1772790478759, 1772790479167, 1772790479575, 1772790479984, 1772790480393, 1772790480801, 1772790481209, 1772790481617, 1772790482026, 1772790482433, 1772790482842, 1772790483250, 1772790483659, 1772790484067, 1772790484475, 1772790484883, 1772790485292, 1772790485700, 1772790486108, 1772790486517, 1772790486925, 1772790487333, 1772790487742, 1772790488150, 1772790488559, 1772790488967, 1772790489376, 1772790489784, 1772790490192, 1772790490601, 1772790491009, 1772790491417, 1772790491825, 1772790492234, 1772790492642, 1772790493050, 1772790493458, 1772790493867, 1772790494275, 1772790494683, 1772790495092, 1772790495500, 1772790495909, 1772790496317, 1772790496725, 1772790497134, 1772790497542, 1772790497950, 1772790498359, 1772790498766, 1772790499175, 1772790499584, 1772790499991, 1772790500400, 1772790500808, 1772790501216, 1772790501625, 1772790502033, 1772790502442, 1772790502850, 1772790503258, 1772790503667, 1772790504075, 1772790504484, 1772790504892, 1772790505301, 1772790505708, 1772790506117, 1772790506525, 1772790506934, 1772790507342, 1772790507750, 1772790508158, 1772790508566, 1772790508975, 1772790509384, 1772790509792, 1772790510200, 1772790510608, 1772790511016, 1772790511425, 1772790511833, 1772790512241, 1772790512650, 1772790513058, 1772790513467, 1772790513875, 1772790514283, 1772790514692, 1772790515100, 1772790515508, 1772790515916, 1772790516324, 1772790516733, 1772790517142, 1772790517549, 1772790517958, 1772790518366, 1772790518775, 1772790519183, 1772790519591, 1772790520000, 1772790520408, 1772790520816, 1772790521225, 1772790521633, 1772790522041, 1772790522450, 1772790522858, 1772790523267, 1772790523675, 1772790524083, 1772790524491, 1772790524899, 1772790525308, 1772790525717, 1772790526124, 1772790526533, 1772790526942, 1772790527350]",Win32,"[1772790365244, 1772790379536, 1772790390561, 1772790399952, 1772790409343, 1772790421185, 1772790426494, 1772790435068, 1772790450993, 1772790455484, 1772790468959, 1772790478350, 1772790482842, 1772790496317, 1772790509792, 1772790517549, 1772790526124]",100,833.4117647058823,17,17
19,None,None,Mozilla,None,Netscape,5.0 (Windows),None,6,None,None,None,None,None,None,None,k,0,06-02-26,06-02-26,10:41:02,None,None,None,None,None,None,0,0,0,0,0,None,None,None,None,1,L2_L1,1047011,3.9.8,L2,None,None,OldNew_test,15511,None,d,None,None,None,None,None,a,r,y,j,None,n,None,None,None,816,1536,24,864,24,-7,-7,1536,2,15511,None,le_vo_test,27,nonword,None,Win32,None,None,None,None,None
19,None,None,Mozilla,None,Netscape,5.0 (Windows),None,6,None,None,None,None,None,None,None,k,0,06-02-26,06-02-26,10:41:02,None,None,None,None,None,None,0,0,0,0,0,None,None,None,None,2,L2_L1,1047011,3.9.8,L2,None,None,OldNew_test,15511,None,d,None,None,None,None,None,a,r,y,j,None,n,None,None,None,816,1536,24,864,24,-7,-7,1536,2,15511,None,no_jo_test,29,nonword,None,Win32,None,None,None,None,None
19,None,None,Mozilla,None,Netscape,5.0 (Windows),None,6,None,None,None,None,None,None,None,d,0,06-02-26,06-02-26,10:41:02,None,None,None,None,None,None,0,0,0,0,0,None,None,None,None,3,L2_L1,1047011,3.9.8,L2,None,None,OldNew_test,15511,None,d,None,None,None,None,None,a,r,y,j,None,n,None,None,None,816,1536,24,864,24,-7,-7,1536,2,15511,None,nu_bu_test,23,pseudoword,None,Win32,None,None,None,None,None
19,None,None,Mozilla,None,Netscape,5.0 (Windows),None,6,None,None,None,None,None,None,None,d,0,06-02-26,06-02-26,10:41:02,None,None,None,None,None,None,0,0,0,0,0,None,None,None,None,4,L2_L1,1047011,3.9.8,L2,None,None,OldNew_test,15511,None,d,None,None,None,None,None,a,r,y,j,None,n,None,None,None,816,1536,24,864,24,-7,-7,1536,2,15511,None,du_jo_test,17,pseudoword,None,Win32,None,None,None,None,None
19,None,None,Mozilla,None,Netscape,5.0 (Windows),None,2,None,None,None,None,None,None,None,d,0,06-02-26,06-02-26,10:41:02,None,None,None,None,None,None,0,0,0,0,0,None,None,None,None,5,L2_L1,1047011,3.9.8,L2,None,None,OldNew_test,15511,None,k,None,None,None,None,None,a,r,y,j,None,n,None,None,None,816,1536,24,864,24,-7,-7,1536,2,15511,None,zo_pi_test,20,pseudoword,None,Win32,None,None,None,None,None
19,None,None,Mozilla,None,Netscape,5.0 (Windows),None,6,None,None,None,None,None,None,None,k,0,06-02-26,06-02-26,10:41:02,None,None,None,None,None,None,0,0,0,0,0,None,None,None,None,6,L2_L1,1047011,3.9.8,L2,None,None,OldNew_test,15511,None,d,None,None,None,None,None,a,r,y,j,None,n,None,None,None,816,1536,24,864,24,-7,-7,1536,2,15511,None,lu_fo_test,28,nonword,None,Win32,None,None,None,None,None
19,None,None,Mozilla,None,Netscape,5.0 (Windows),None,6,None,None,None,None,None,None,None,d,0,06-02-26,06-02-26,10:41:02,None,None,None,None,None,None,0,0,0,0,0,None,None,None,None,7,L2_L1,1047011,3.9.8,L2,None,None,OldNew_test,15511,None,d,None,None,None,None,None,a,r,y,j,None,n,None,None,None,816,1536,24,864,24,-7,-7,1536,2,15511,None,le_fo_test,19,pseudoword,None,Win32,None,None,None,None,None
19,None,None,Mozilla,None,Netscape,5.0 (Windows),None,3,None,None,None,None,None,None,None,k,0,06-02-26,06-02-26,10:41:02,None,None,None,None,None,None,0,0,0,0,0,None,None,None,None,8,L2_L1,1047011,3.9.8,L2,None,None,OldNew_test,15511,None,d,None,None,None,None,None,a,r,y,j,None,n,None,None,None,816,1536,24,864,24,-7,-7,1536,2,15511,None,wi_bu_test,31,nonword,None,Win32,None,None,None,None,None
19,None,None,Mozilla,None,Netscape,5.0 (Windows),None,5,None,None,None,None,None,None,None,k,0,06-02-26,06-02-26,10:41:02,None,None,None,None,None,None,0,0,0,0,0,None,None,None,None,9,L2_L1,1047011,3.9.8,L2,None,None,OldNew_test,15511,None,d,None,None,None,None,None,a,r,y,j,None,n,None,None,None,816,1536,24,864,24,-7,-7,1536,2,15511,None,du_pi_test,25,nonword,None,Win32,None,None,None,None,None
19,None,None,Mozilla,None,Netscape,5.0 (Windows),None,2,None,None,None,None,None,None,None,d,0,06-02-26,06-02-26,10:41:02,None,None,None,None,None,None,0,0,0,0,0,None,None,None,None,10,L2_L1,1047011,3.9.8,L2,None,None,OldNew_test,15511,None,d,None,None,None,None,None,a,r,y,j,None,n,None,None,None,816,1536,24,864,24,-7,-7,1536,2,15511,None,lu_tu_test,21,pseudoword,None,Win32,None,None,None,None,None
19,None,None,Mozilla,None,Netscape,5.0 (Windows),None,1,None,None,None,None,None,None,None,k,0,06-02-26,06-02-26,10:41:02,None,None,None,None,None,None,0,0,0,0,0,None,None,None,None,11,L2_L1,1047011,3.9.8,L2,None,None,OldNew_test,15511,None,k,None,None,None,None,None,a,r,y,j,None,n,None,None,None,816,1536,24,864,24,-7,-7,1536,2,15511,None,zo_so_test,32,nonword,None,Win32,None,None,None,None,None
19,None,None,Mozilla,None,Netscape,5.0 (Windows),None,2,None,None,None,None,None,None,None,k,0,06-02-26,06-02-26,10:41:02,None,None,None,None,None,None,0,0,0,0,0,None,None,None,None,12,L2_L1,1047011,3.9.8,L2,None,None,OldNew_test,15511,None,k,None,None,None,None,None,a,r,y,j,None,n,None,None,None,816,1536,24,864,24,-7,-7,1536,2,15511,None,fu_tu_test,26,nonword,None,Win32,None,None,None,None,None
19,None,None,Mozilla,None,Netscape,5.0 (Windows),None,6,None,None,None,None,None,None,None,k,0,06-02-26,06-02-26,10:41:02,None,None,None,None,None,None,0,0,0,0,0,None,None,None,None,13,L2_L1,1047011,3.9.8,L2,None,None,OldNew_test,15511,None,d,None,None,None,None,None,a,r,y,j,None,n,None,None,None,816,1536,24,864,24,-7,-7,1536,2,15511,None,nu_di_test,30,nonword,None,Win32,None,None,None,None,None
19,None,None,Mozilla,None,Netscape,5.0 (Windows),None,2,None,None,None,None,None,None,None,d,0,06-02-26,06-02-26,10:41:02,None,None,None,None,None,None,0,0,0,0,0,None,None,None,None,14,L2_L1,1047011,3.9.8,L2,None,None,OldNew_test,15511,None,k,None,None,None,None,None,a,r,y,j,None,n,None,None,None,816,1536,24,864,24,-7,-7,1536,2,15511,None,fu_di_test,18,pseudoword,None,Win32,None,None,None,None,None
19,None,None,Mozilla,None,Netscape,5.0 (Windows),None,6,None,None,None,None,None,None,None,d,0,06-02-26,06-02-26,10:41:02,None,None,None,None,None,None,0,0,0,0,0,None,None,None,None,15,L2_L1,1047011,3.9.8,L2,None,None,OldNew_test,15511,None,d,None,None,None,None,None,a,r,y,j,None,n,None,None,None,816,1536,24,864,24,-7,-7,1536,2,15511,None,wi_vo_test,24,pseudoword,None,Win32,None,None,None,None,None
19,None,None,Mozilla,None,Netscape,5.0 (Windows),None,6,None,None,None,None,None,None,None,d,0,06-02-26,06-02-26,10:41:02,None,None,None,None,None,None,0,0,0,0,0,None,None,None,None,16,L2_L1,1047011,3.9.8,L2,None,None,OldNew_test,15511,None,d,None,None,None,None,None,a,r,y,j,None,n,None,None,None,816,1536,24,864,24,-7,-7,1536,2,15511,None,no_so_test,22,pseudoword,None,Win32,None,None,None,None,None
19,None,None,Mozilla,None,Netscape,5.0 (Windows),None,6,None,None,None,None,None,None,None,d,1,06-02-26,06-02-26,10:41:02,None,None,None,None,None,None,0,0,0,0,0,"[6, 7, 12, 13, 8, 9, 2, 3, 14, 15, 4, 5, 0, 1, 10, 11, 8, 9, 99, 10, 11, 6, 7, 2, 3, 4, 5, 0, 1, 14, 15, 12, 13, 10, 11, 14, 15, 12, 13, 6, 7, 4, 5, 8, 9, 0, 1, 2, 3, 12, 13, 6, 7, 99, 8, 9, 2, 3, 10, 11, 0, 1, 14, 15, 4, 5, 6, 7, 4, 5, 99, 14, 15, 8, 9, 2, 3, 12, 13, 10, 11, 0, 1, 10, 11, 12, 13, 0, 1, 99, 2, 3, 14, 15, 8, 9, 4, 5, 6, 7, 0, 1, 2, 3, 4, 5, 6, 7, 8, 9, 12, 13, 14, 15, 10, 11, 6, 7, 12, 13, 4, 5, 2, 3, 8, 9, 10, 11, 0, 1, 14, 15, 99, 2, 3, 12, 13, 6, 7, 4, 5, 10, 11, 8, 9, 14, 15, 99, 0, 1, 4, 5, 2, 3, 12, 13, 0, 1, 6, 7, 8, 9, 14, 15, 10, 11, 2, 3, 10, 11, 8, 9, 99, 4, 5, 12, 13, 14, 15, 0, 1, 6, 7, 2, 3, 4, 5, 99, 10, 11, 0, 1, 14, 15, 12, 13, 6, 7, 8, 9, 12, 13, 4, 5, 6, 7, 8, 9, 14, 15, 10, 11, 99, 0, 1, 2, 3, 6, 7, 12, 13, 2, 3, 0, 1, 4, 5, 14, 15, 8, 9, 10, 11, 4, 5, 99, 6, 7, 8, 9, 14, 15, 10, 11, 0, 1, 12, 13, 2, 3, 8, 9, 0, 1, 6, 7, 2, 3, 10, 11, 4, 5, 12, 13, 99, 14, 15, 12, 13, 8, 9, 4, 5, 2, 3, 14, 15, 6, 7, 10, 11, 0, 1, 14, 15, 0, 1, 12, 13, 8, 9, 6, 7, 2, 3, 4, 5, 10, 11, 2, 3, 99, 10, 11, 6, 7, 14, 15, 0, 1, 4, 5, 8, 9, 12, 13, 6, 7, 2, 3, 10, 11, 8, 9, 99, 14, 15, 12, 13, 4, 5, 0, 1, 12, 13, 6, 7, 14, 15, 4, 5, 99, 8, 9, 2, 3, 10, 11, 0, 1, 10, 11, 2, 3, 8, 9, 0, 1, 12, 13, 14, 15, 6, 7, 4, 5, 99, 6, 7, 4, 5, 2, 3, 12, 13, 0, 1, 10, 11, 8, 9, 14, 15, 99, 6, 7, 14, 15, 2, 3, 4, 5, 0, 1, 12, 13, 8, 9, 10, 11, 0, 1, 12, 13, 2, 3, 4, 5, 14, 15, 10, 11, 6, 7, 8, 9, 99, 10, 11, 14, 15, 12, 13, 4, 5, 8, 9, 0, 1, 6, 7, 2, 3]",None,None,None,16,L2_L1,1047011,3.9.8,L1,14,None,exposure_with_TDT,15511,None,d,None,None,None,None,None,a,r,y,j,None,n,None,None,None,816,1536,24,864,24,-7,-7,1536,2,15511,"[1772790733695, 1772790738665, 1772790739893, 1772790754431, 1772790757243, 1772790761046, 1772790768801, 1772790779408, 1772790786441, 1772790792316, 1772790808774, 1772790828364, 1772790840287, 1772790856064, 1772790864723, 1772790871145, 1772790882015, 1772790888898]",no_so_test,22,pseudoword,"[1772790731637, 1772790732046, 1772790732454, 1772790732863, 1772790733271, 1772790733679, 1772790734087, 1772790734496, 1772790734904, 1772790735312, 1772790735721, 1772790736129, 1772790736537, 1772790736945, 1772790737354, 1772790737762, 1772790738171, 1772790738579, 1772790738987, 1772790739396, 1772790739804, 1772790740212, 1772790740621, 1772790741029, 1772790741438, 1772790741846, 1772790742255, 1772790742662, 1772790743070, 1772790743479, 1772790743887, 1772790744296, 1772790744704, 1772790745112, 1772790745521, 1772790745929, 1772790746337, 1772790746746, 1772790747153, 1772790747562, 1772790747970, 1772790748379, 1772790748787, 1772790749195, 1772790749603, 1772790750012, 1772790750420, 1772790750829, 1772790751237, 1772790751645, 1772790752054, 1772790752462, 1772790752870, 1772790753279, 1772790753687, 1772790754095, 1772790754503, 1772790754912, 1772790755320, 1772790755728, 1772790756137, 1772790756545, 1772790756954, 1772790757362, 1772790757770, 1772790758179, 1772790758586, 1772790758995, 1772790759404, 1772790759811, 1772790760220, 1772790760629, 1772790761037, 1772790761445, 1772790761853, 1772790762262, 1772790762670, 1772790763078, 1772790763487, 1772790763895, 1772790764303, 1772790764711, 1772790765120, 1772790765528, 1772790765936, 1772790766345, 1772790766754, 1772790767161, 1772790767570, 1772790767979, 1772790768386, 1772790768795, 1772790769203, 1772790769611, 1772790770020, 1772790770428, 1772790770836, 1772790771245, 1772790771654, 1772790772062, 1772790772470, 1772790772878, 1772790773287, 1772790773695, 1772790774103, 1772790774512, 1772790774920, 1772790775328, 1772790775736, 1772790776145, 1772790776553, 1772790776962, 1772790777370, 1772790777778, 1772790778186, 1772790778594, 1772790779003, 1772790779411, 1772790779819, 1772790780228, 1772790780637, 1772790781045, 1772790781453, 1772790781861, 1772790782270, 1772790782678, 1772790783086, 1772790783495, 1772790783903, 1772790784311, 1772790784720, 1772790785128, 1772790785536, 1772790785944, 1772790786353, 1772790786761, 1772790787170, 1772790787578, 1772790787986, 1772790788395, 1772790788802, 1772790789211, 1772790789619, 1772790790028, 1772790790436, 1772790790844, 1772790791253, 1772790791661, 1772790792069, 1772790792478, 1772790792886, 1772790793294, 1772790793703, 1772790794111, 1772790794519, 1772790794927, 1772790795336, 1772790795744, 1772790796153, 1772790796561, 1772790796970, 1772790797378, 1772790797786, 1772790798194, 1772790798602, 1772790799011, 1772790799419, 1772790799827, 1772790800236, 1772790800644, 1772790801053, 1772790801461, 1772790801869, 1772790802277, 1772790802686, 1772790803095, 1772790803502, 1772790803911, 1772790804319, 1772790804728, 1772790805136, 1772790805545, 1772790805953, 1772790806361, 1772790806769, 1772790807177, 1772790807586, 1772790807994, 1772790808402, 1772790808810, 1772790809219, 1772790809628, 1772790810036, 1772790810444, 1772790810852, 1772790811261, 1772790811669, 1772790812077, 1772790812486, 1772790812894, 1772790813303, 1772790813711, 1772790814120, 1772790814527, 1772790814936, 1772790815344, 1772790815752, 1772790816161, 1772790816569, 1772790816977, 1772790817385, 1772790817794, 1772790818203, 1772790818611, 1772790819019, 1772790819428, 1772790819836, 1772790820244, 1772790820653, 1772790821061, 1772790821469, 1772790821877, 1772790822285, 1772790822694, 1772790823102, 1772790823511, 1772790823919, 1772790824327, 1772790824735, 1772790825144, 1772790825552, 1772790825960, 1772790826369, 1772790826777, 1772790827185, 1772790827594, 1772790828002, 1772790828410, 1772790828819, 1772790829227, 1772790829635, 1772790830043, 1772790830452, 1772790830861, 1772790831269, 1772790831677, 1772790832085, 1772790832494, 1772790832901, 1772790833310, 1772790833718, 1772790834126, 1772790834535, 1772790834943, 1772790835352, 1772790835760, 1772790836168, 1772790836577, 1772790836986, 1772790837393, 1772790837802, 1772790838210, 1772790838619, 1772790839027, 1772790839435, 1772790839843, 1772790840252, 1772790840660, 1772790841069, 1772790841477, 1772790841885, 1772790842294, 1772790842702, 1772790843110, 1772790843518, 1772790843927, 1772790844335, 1772790844744, 1772790845152, 1772790845560, 1772790845968, 1772790846376, 1772790846786, 1772790847193, 1772790847601, 1772790848010, 1772790848418, 1772790848826, 1772790849235, 1772790849643, 1772790850052, 1772790850460, 1772790850868, 1772790851276, 1772790851685, 1772790852093, 1772790852502, 1772790852910, 1772790853318, 1772790853727, 1772790854135, 1772790854543, 1772790854951, 1772790855360, 1772790855768, 1772790856176, 1772790856585, 1772790856993, 1772790857401, 1772790857809, 1772790858218, 1772790858626, 1772790859035, 1772790859443, 1772790859851, 1772790860260, 1772790860668, 1772790861077, 1772790861484, 1772790861893, 1772790862301, 1772790862710, 1772790863118, 1772790863526, 1772790863935, 1772790864343, 1772790864751, 1772790865160, 1772790865568, 1772790865976, 1772790866384, 1772790866793, 1772790867202, 1772790867610, 1772790868018, 1772790868427, 1772790868835, 1772790869243, 1772790869651, 1772790870060, 1772790870468, 1772790870877, 1772790871284, 1772790871693, 1772790872101, 1772790872510, 1772790872918, 1772790873326, 1772790873735, 1772790874142, 1772790874551, 1772790874959, 1772790875368, 1772790875776, 1772790876184, 1772790876593, 1772790877001, 1772790877409, 1772790877818, 1772790878226, 1772790878634, 1772790879043, 1772790879451, 1772790879859, 1772790880267, 1772790880676, 1772790881084, 1772790881493, 1772790881901, 1772790882310, 1772790882718, 1772790883125, 1772790883534, 1772790883942, 1772790884351, 1772790884759, 1772790885167, 1772790885576, 1772790885984, 1772790886393, 1772790886801, 1772790887210, 1772790887617, 1772790888026, 1772790888434, 1772790888842, 1772790889250, 1772790889659, 1772790890068, 1772790890476, 1772790890884, 1772790891292, 1772790891701, 1772790892109, 1772790892518, 1772790892925, 1772790893334, 1772790893743, 1772790894151, 1772790894559, 1772790894967, 1772790895375, 1772790895784, 1772790896193, 1772790896601, 1772790897009, 1772790897417, 1772790897826, 1772790898234, 1772790898642, 1772790899051, 1772790899459, 1772790899867, 1772790900276, 1772790900684, 1772790901093]",Win32,"[1772790738987, 1772790753279, 1772790760220, 1772790767979, 1772790785536, 1772790791661, 1772790801869, 1772790807994, 1772790818203, 1772790827594, 1772790839435, 1772790854543, 1772790863935, 1772790870877, 1772790881084, 1772790888026]",87.5,860.5714285714286,14,16
19,None,None,Mozilla,None,Netscape,5.0 (Windows),None,3,None,None,None,None,None,None,None,d,1,06-02-26,06-02-26,10:41:02,None,None,None,None,None,None,0,0,0,0,0,None,None,None,None,17,L2_L1,1047011,3.9.8,L1,None,None,OldNew_test,15511,None,d,None,None,None,None,None,a,r,y,j,None,n,None,None,None,816,1536,24,864,24,-7,-7,1536,1,15511,None,ve_fe_test,7,pseudoword,None,Win32,None,None,None,None,None
19,None,None,Mozilla,None,Netscape,5.0 (Windows),None,6,None,None,None,None,None,None,None,k,1,06-02-26,06-02-26,10:41:02,None,None,None,None,None,None,0,0,0,0,0,None,None,None,None,18,L2_L1,1047011,3.9.8,L1,None,None,OldNew_test,15511,None,d,None,None,None,None,None,a,r,y,j,None,n,None,None,None,816,1536,24,864,24,-7,-7,1536,1,15511,None,ju_wo_test,12,nonword,None,Win32,None,None,None,None,None
19,None,None,Mozilla,None,Netscape,5.0 (Windows),None,4,None,None,None,None,None,None,None,k,1,06-02-26,06-02-26,10:41:02,None,None,None,None,None,None,0,0,0,0,0,None,None,None,None,19,L2_L1,1047011,3.9.8,L1,None,None,OldNew_test,15511,None,d,None,None,None,None,None,a,r,y,j,None,n,None,None,None,816,1536,24,864,24,-7,-7,1536,1,15511,None,be_ge_test,9,nonword,None,Win32,None,None,None,None,None
19,None,None,Mozilla,None,Netscape,5.0 (Windows),None,6,None,None,None,None,None,None,None,k,1,06-02-26,06-02-26,10:41:02,None,None,None,None,None,None,0,0,0,0,0,None,None,None,None,20,L2_L1,1047011,3.9.8,L1,None,None,OldNew_test,15511,None,d,None,None,None,None,None,a,r,y,j,None,n,None,None,None,816,1536,24,864,24,-7,-7,1536,1,15511,None,ve_pa_test,15,nonword,None,Win32,None,None,None,None,None
19,None,None,Mozilla,None,Netscape,5.0 (Windows),None,6,None,None,None,None,None,None,None,k,1,06-02-26,06-02-26,10:41:02,None,None,None,None,None,None,0,0,0,0,0,None,None,None,None,21,L2_L1,1047011,3.9.8,L1,None,None,OldNew_test,15511,None,d,None,None,None,None,None,a,r,y,j,None,n,None,None,None,816,1536,24,864,24,-7,-7,1536,1,15511,None,je_to_test,11,nonword,None,Win32,None,None,None,None,None
19,None,None,Mozilla,None,Netscape,5.0 (Windows),None,5,None,None,None,None,None,None,None,k,1,06-02-26,06-02-26,10:41:02,None,None,None,None,None,None,0,0,0,0,0,None,None,None,None,22,L2_L1,1047011,3.9.8,L1,None,None,OldNew_test,15511,None,d,None,None,None,None,None,a,r,y,j,None,n,None,None,None,816,1536,24,864,24,-7,-7,1536,1,15511,None,we_zu_test,16,nonword,None,Win32,None,None,None,None,None
19,None,None,Mozilla,None,Netscape,5.0 (Windows),None,2,None,None,None,None,None,None,None,k,1,06-02-26,06-02-26,10:41:02,None,None,None,None,None,None,0,0,0,0,0,None,None,None,None,23,L2_L1,1047011,3.9.8,L1,None,None,OldNew_test,15511,None,k,None,None,None,None,None,a,r,y,j,None,n,None,None,None,816,1536,24,864,24,-7,-7,1536,1,15511,None,me_fe_test,14,nonword,None,Win32,None,None,None,None,None
19,None,None,Mozilla,None,Netscape,5.0 (Windows),None,3,None,None,None,None,None,None,None,d,1,06-02-26,06-02-26,10:41:02,None,None,None,None,None,None,0,0,0,0,0,None,None,None,None,24,L2_L1,1047011,3.9.8,L1,None,None,OldNew_test,15511,None,d,None,None,None,None,None,a,r,y,j,None,n,None,None,None,816,1536,24,864,24,-7,-7,1536,1,15511,None,ju_mi_test,4,pseudoword,None,Win32,None,None,None,None,None
19,None,None,Mozilla,None,Netscape,5.0 (Windows),None,3,None,None,None,None,None,None,None,k,1,06-02-26,06-02-26,10:41:02,None,None,None,None,None,None,0,0,0,0,0,None,None,None,None,25,L2_L1,1047011,3.9.8,L1,None,None,OldNew_test,15511,None,k,None,None,None,None,None,a,r,y,j,None,n,None,None,None,816,1536,24,864,24,-7,-7,1536,1,15511,None,gi_mi_test,10,nonword,None,Win32,None,None,None,None,None
19,None,None,Mozilla,None,Netscape,5.0 (Windows),None,6,None,None,None,None,None,None,None,d,1,06-02-26,06-02-26,10:41:02,None,None,None,None,None,None,0,0,0,0,0,None,None,None,None,26,L2_L1,1047011,3.9.8,L1,None,None,OldNew_test,15511,None,d,None,None,None,None,None,a,r,y,j,None,n,None,None,None,816,1536,24,864,24,-7,-7,1536,1,15511,None,be_pa_test,1,pseudoword,None,Win32,None,None,None,None,None
19,None,None,Mozilla,None,Netscape,5.0 (Windows),None,6,None,None,None,None,None,None,None,d,1,06-02-26,06-02-26,10:41:02,None,None,None,None,None,None,0,0,0,0,0,None,None,None,None,27,L2_L1,1047011,3.9.8,L1,None,None,OldNew_test,15511,None,d,None,None,None,None,None,a,r,y,j,None,n,None,None,None,816,1536,24,864,24,-7,-7,1536,1,15511,None,we_to_test,8,pseudoword,None,Win32,None,None,None,None,None
19,None,None,Mozilla,None,Netscape,5.0 (Windows),None,2,None,None,None,None,None,None,None,d,1,06-02-26,06-02-26,10:41:02,None,None,None,None,None,None,0,0,0,0,0,None,None,None,None,28,L2_L1,1047011,3.9.8,L1,None,None,OldNew_test,15511,None,k,None,None,None,None,None,a,r,y,j,None,n,None,None,None,816,1536,24,864,24,-7,-7,1536,1,15511,None,ke_ge_test,5,pseudoword,None,Win32,None,None,None,None,None
19,None,None,Mozilla,None,Netscape,5.0 (Windows),None,6,None,None,None,None,None,None,None,d,1,06-02-26,06-02-26,10:41:02,None,None,None,None,None,None,0,0,0,0,0,None,None,None,None,29,L2_L1,1047011,3.9.8,L1,None,None,OldNew_test,15511,None,d,None,None,None,None,None,a,r,y,j,None,n,None,None,None,816,1536,24,864,24,-7,-7,1536,1,15511,None,gi_va_test,2,pseudoword,None,Win32,None,None,None,None,None
19,None,None,Mozilla,None,Netscape,5.0 (Windows),None,6,None,None,None,None,None,None,None,d,1,06-02-26,06-02-26,10:41:02,None,None,None,None,None,None,0,0,0,0,0,None,None,None,None,30,L2_L1,1047011,3.9.8,L1,None,None,OldNew_test,15511,None,d,None,None,None,None,None,a,r,y,j,None,n,None,None,None,816,1536,24,864,24,-7,-7,1536,1,15511,None,me_zu_test,6,pseudoword,None,Win32,None,None,None,None,None
19,None,None,Mozilla,None,Netscape,5.0 (Windows),None,6,None,None,None,None,None,None,None,k,1,06-02-26,06-02-26,10:41:02,None,None,None,None,None,None,0,0,0,0,0,None,None,None,None,31,L2_L1,1047011,3.9.8,L1,None,None,OldNew_test,15511,None,d,None,None,None,None,None,a,r,y,j,None,n,None,None,None,816,1536,24,864,24,-7,-7,1536,1,15511,None,ke_va_test,13,nonword,None,Win32,None,None,None,None,None
19,None,None,Mozilla,None,Netscape,5.0 (Windows),None,6,None,None,None,None,None,None,None,d,1,06-02-26,06-02-26,10:41:02,None,None,None,None,None,None,0,0,0,0,0,None,None,None,None,32,L2_L1,1047011,3.9.8,L1,None,None,OldNew_test,15511,None,d,None,None,None,None,None,a,r,y,j,None,n,None,None,None,816,1536,24,864,24,-7,-7,1536,1,15511,None,je_wo_test,3,pseudoword,None,Win32,None,None,None,None,None
19,None,None,Mozilla,None,Netscape,5.0 (Windows),None,5,None,None,None,None,None,None,d,None,None,06-02-26,06-02-26,10:41:02,None,None,None,None,None,None,0,0,0,0,0,None,None,None,None,33,L2_L1,1047011,3.9.8,None,None,None,Mixed_OldNew_test,15511,None,None,None,None,None,None,None,a,r,y,j,d,n,None,None,2,816,1536,24,864,24,-7,-7,1536,2,15511,None,le_fo_test,19,pseudoword,None,Win32,None,None,None,None,None
19,None,None,Mozilla,None,Netscape,5.0 (Windows),None,6,None,None,None,None,None,None,d,None,None,06-02-26,06-02-26,10:41:02,None,None,None,None,None,None,0,0,0,0,0,None,None,None,None,34,L2_L1,1047011,3.9.8,None,None,None,Mixed_OldNew_test,15511,None,None,None,None,None,None,None,a,r,y,j,d,n,None,None,2,816,1536,24,864,24,-7,-7,1536,1,15511,None,me_zu_test,6,pseudoword,None,Win32,None,None,None,None,None
19,None,None,Mozilla,None,Netscape,5.0 (Windows),None,2,None,None,None,None,None,None,k,None,None,06-02-26,06-02-26,10:41:02,None,None,None,None,None,None,0,0,0,0,0,None,None,None,None,35,L2_L1,1047011,3.9.8,None,None,None,Mixed_OldNew_test,15511,None,None,None,None,None,None,None,a,r,y,j,k,n,None,None,2,816,1536,24,864,24,-7,-7,1536,1,15511,None,be_ge_test,9,nonword,None,Win32,None,None,None,None,None
19,None,None,Mozilla,None,Netscape,5.0 (Windows),None,2,None,None,None,None,None,None,k,None,None,06-02-26,06-02-26,10:41:02,None,None,None,None,None,None,0,0,0,0,0,None,None,None,None,36,L2_L1,1047011,3.9.8,None,None,None,Mixed_OldNew_test,15511,None,None,None,None,None,None,None,a,r,y,j,k,n,None,None,2,816,1536,24,864,24,-7,-7,1536,2,15511,None,du_pi_test,25,nonword,None,Win32,None,None,None,None,None
19,None,None,Mozilla,None,Netscape,5.0 (Windows),None,3,None,None,None,None,None,None,d,None,None,06-02-26,06-02-26,10:41:02,None,None,None,None,None,None,0,0,0,0,0,None,None,None,None,37,L2_L1,1047011,3.9.8,None,None,None,Mixed_OldNew_test,15511,None,None,None,None,None,None,None,a,r,y,j,k,n,None,None,2,816,1536,24,864,24,-7,-7,1536,1,15511,None,ke_ge_test,5,pseudoword,None,Win32,None,None,None,None,None
19,None,None,Mozilla,None,Netscape,5.0 (Windows),None,3,None,None,None,None,None,None,k,None,None,06-02-26,06-02-26,10:41:02,None,None,None,None,None,None,0,0,0,0,0,None,None,None,None,38,L2_L1,1047011,3.9.8,None,None,None,Mixed_OldNew_test,15511,None,None,None,None,None,None,None,a,r,y,j,k,n,None,None,2,816,1536,24,864,24,-7,-7,1536,2,15511,None,zo_so_test,32,nonword,None,Win32,None,None,None,None,None
19,None,None,Mozilla,None,Netscape,5.0 (Windows),None,3,None,None,None,None,None,None,k,None,None,06-02-26,06-02-26,10:41:02,None,None,None,None,None,None,0,0,0,0,0,None,None,None,None,39,L2_L1,1047011,3.9.8,None,None,None,Mixed_OldNew_test,15511,None,None,None,None,None,None,None,a,r,y,j,k,n,None,None,2,816,1536,24,864,24,-7,-7,1536,2,15511,None,wi_bu_test,31,nonword,None,Win32,None,None,None,None,None
19,None,None,Mozilla,None,Netscape,5.0 (Windows),None,4,None,None,None,None,None,None,d,None,None,06-02-26,06-02-26,10:41:02,None,None,None,None,None,None,0,0,0,0,0,None,None,None,None,40,L2_L1,1047011,3.9.8,None,None,None,Mixed_OldNew_test,15511,None,None,None,None,None,None,None,a,r,y,j,d,n,None,None,2,816,1536,24,864,24,-7,-7,1536,1,15511,None,we_to_test,8,pseudoword,None,Win32,None,None,None,None,None
19,None,None,Mozilla,None,Netscape,5.0 (Windows),None,6,None,None,None,None,None,None,k,None,None,06-02-26,06-02-26,10:41:02,None,None,None,None,None,None,0,0,0,0,0,None,None,None,None,41,L2_L1,1047011,3.9.8,None,None,None,Mixed_OldNew_test,15511,None,None,None,None,None,None,None,a,r,y,j,d,n,None,None,1,816,1536,24,864,24,-7,-7,1536,1,15511,None,ve_pa_test,15,nonword,None,Win32,None,None,None,None,None
19,None,None,Mozilla,None,Netscape,5.0 (Windows),None,3,None,None,None,None,None,None,d,None,None,06-02-26,06-02-26,10:41:02,None,None,None,None,None,None,0,0,0,0,0,None,None,None,None,42,L2_L1,1047011,3.9.8,None,None,None,Mixed_OldNew_test,15511,None,None,None,None,None,None,None,a,r,y,j,d,n,None,None,2,816,1536,24,864,24,-7,-7,1536,2,15511,None,no_so_test,22,pseudoword,None,Win32,None,None,None,None,None
19,None,None,Mozilla,None,Netscape,5.0 (Windows),None,4,None,None,None,None,None,None,d,None,None,06-02-26,06-02-26,10:41:02,None,None,None,None,None,None,0,0,0,0,0,None,None,None,None,43,L2_L1,1047011,3.9.8,None,None,None,Mixed_OldNew_test,15511,None,None,None,None,None,None,None,a,r,y,j,k,n,None,None,2,816,1536,24,864,24,-7,-7,1536,1,15511,None,ju_mi_test,4,pseudoword,None,Win32,None,None,None,None,None
19,None,None,Mozilla,None,Netscape,5.0 (Windows),None,4,None,None,None,None,None,None,d,None,None,06-02-26,06-02-26,10:41:02,None,None,None,None,None,None,0,0,0,0,0,None,None,None,None,44,L2_L1,1047011,3.9.8,None,None,None,Mixed_OldNew_test,15511,None,None,None,None,None,None,None,a,r,y,j,d,n,None,None,1,816,1536,24,864,24,-7,-7,1536,2,15511,None,fu_di_test,18,pseudoword,None,Win32,None,None,None,None,None
19,None,None,Mozilla,None,Netscape,5.0 (Windows),None,4,None,None,None,None,None,None,d,None,None,06-02-26,06-02-26,10:41:02,None,None,None,None,None,None,0,0,0,0,0,None,None,None,None,45,L2_L1,1047011,3.9.8,None,None,None,Mixed_OldNew_test,15511,None,None,None,None,None,None,None,a,r,y,j,k,n,None,None,1,816,1536,24,864,24,-7,-7,1536,2,15511,None,nu_bu_test,23,pseudoword,None,Win32,None,None,None,None,None
19,None,None,Mozilla,None,Netscape,5.0 (Windows),None,4,None,None,None,None,None,None,k,None,None,06-02-26,06-02-26,10:41:02,None,None,None,None,None,None,0,0,0,0,0,None,None,None,None,46,L2_L1,1047011,3.9.8,None,None,None,Mixed_OldNew_test,15511,None,None,None,None,None,None,None,a,r,y,j,d,n,None,None,2,816,1536,24,864,24,-7,-7,1536,1,15511,None,ke_va_test,13,nonword,None,Win32,None,None,None,None,None
19,None,None,Mozilla,None,Netscape,5.0 (Windows),None,5,None,None,None,None,None,None,k,None,None,06-02-26,06-02-26,10:41:02,None,None,None,None,None,None,0,0,0,0,0,None,None,None,None,47,L2_L1,1047011,3.9.8,None,None,None,Mixed_OldNew_test,15511,None,None,None,None,None,None,None,a,r,y,j,k,n,None,None,2,816,1536,24,864,24,-7,-7,1536,1,15511,None,gi_mi_test,10,nonword,None,Win32,None,None,None,None,None
19,None,None,Mozilla,None,Netscape,5.0 (Windows),None,3,None,None,None,None,None,None,k,None,None,06-02-26,06-02-26,10:41:02,None,None,None,None,None,None,0,0,0,0,0,None,None,None,None,48,L2_L1,1047011,3.9.8,None,None,None,Mixed_OldNew_test,15511,None,None,None,None,None,None,None,a,r,y,j,k,n,None,None,2,816,1536,24,864,24,-7,-7,1536,2,15511,None,fu_tu_test,26,nonword,None,Win32,None,None,None,None,None
19,None,None,Mozilla,None,Netscape,5.0 (Windows),None,3,None,None,None,None,None,None,d,None,None,06-02-26,06-02-26,10:41:02,None,None,None,None,None,None,0,0,0,0,0,None,None,None,None,49,L2_L1,1047011,3.9.8,None,None,None,Mixed_OldNew_test,15511,None,None,None,None,None,None,None,a,r,y,j,d,n,None,None,2,816,1536,24,864,24,-7,-7,1536,2,15511,None,du_jo_test,17,pseudoword,None,Win32,None,None,None,None,None
19,None,None,Mozilla,None,Netscape,5.0 (Windows),None,6,None,None,None,None,None,None,d,None,None,06-02-26,06-02-26,10:41:02,None,None,None,None,None,None,0,0,0,0,0,None,None,None,None,50,L2_L1,1047011,3.9.8,None,None,None,Mixed_OldNew_test,15511,None,None,None,None,None,None,None,a,r,y,j,k,n,None,None,2,816,1536,24,864,24,-7,-7,1536,1,15511,None,gi_va_test,2,pseudoword,None,Win32,None,None,None,None,None
19,None,None,Mozilla,None,Netscape,5.0 (Windows),None,6,None,None,None,None,None,None,k,None,None,06-02-26,06-02-26,10:41:02,None,None,None,None,None,None,0,0,0,0,0,None,None,None,None,51,L2_L1,1047011,3.9.8,None,None,None,Mixed_OldNew_test,15511,None,None,None,None,None,None,None,a,r,y,j,d,n,None,None,2,816,1536,24,864,24,-7,-7,1536,2,15511,None,lu_fo_test,28,nonword,None,Win32,None,None,None,None,None
19,None,None,Mozilla,None,Netscape,5.0 (Windows),None,3,None,None,None,None,None,None,k,None,None,06-02-26,06-02-26,10:41:02,None,None,None,None,None,None,0,0,0,0,0,None,None,None,None,52,L2_L1,1047011,3.9.8,None,None,None,Mixed_OldNew_test,15511,None,None,None,None,None,None,None,a,r,y,j,d,n,None,None,1,816,1536,24,864,24,-7,-7,1536,2,15511,None,nu_di_test,30,nonword,None,Win32,None,None,None,None,None
19,None,None,Mozilla,None,Netscape,5.0 (Windows),None,6,None,None,None,None,None,None,d,None,None,06-02-26,06-02-26,10:41:02,None,None,None,None,None,None,0,0,0,0,0,None,None,None,None,53,L2_L1,1047011,3.9.8,None,None,None,Mixed_OldNew_test,15511,None,None,None,None,None,None,None,a,r,y,j,d,n,None,None,1,816,1536,24,864,24,-7,-7,1536,1,15511,None,be_pa_test,1,pseudoword,None,Win32,None,None,None,None,None
19,None,None,Mozilla,None,Netscape,5.0 (Windows),None,6,None,None,None,None,None,None,d,None,None,06-02-26,06-02-26,10:41:02,None,None,None,None,None,None,0,0,0,0,0,None,None,None,None,54,L2_L1,1047011,3.9.8,None,None,None,Mixed_OldNew_test,15511,None,None,None,None,None,None,None,a,r,y,j,d,n,None,None,2,816,1536,24,864,24,-7,-7,1536,2,15511,None,wi_vo_test,24,pseudoword,None,Win32,None,None,None,None,None
19,None,None,Mozilla,None,Netscape,5.0 (Windows),None,6,None,None,None,None,None,None,k,None,None,06-02-26,06-02-26,10:41:02,None,None,None,None,None,None,0,0,0,0,0,None,None,None,None,55,L2_L1,1047011,3.9.8,None,None,None,Mixed_OldNew_test,15511,None,None,None,None,None,None,None,a,r,y,j,d,n,None,None,2,816,1536,24,864,24,-7,-7,1536,2,15511,None,le_vo_test,27,nonword,None,Win32,None,None,None,None,None
19,None,None,Mozilla,None,Netscape,5.0 (Windows),None,4,None,None,None,None,None,None,d,None,None,06-02-26,06-02-26,10:41:02,None,None,None,None,None,None,0,0,0,0,0,None,None,None,None,56,L2_L1,1047011,3.9.8,None,None,None,Mixed_OldNew_test,15511,None,None,None,None,None,None,None,a,r,y,j,k,n,None,None,2,816,1536,24,864,24,-7,-7,1536,1,15511,None,ve_fe_test,7,pseudoword,None,Win32,None,None,None,None,None
19,None,None,Mozilla,None,Netscape,5.0 (Windows),None,6,None,None,None,None,None,None,k,None,None,06-02-26,06-02-26,10:41:02,None,None,None,None,None,None,0,0,0,0,0,None,None,None,None,57,L2_L1,1047011,3.9.8,None,None,None,Mixed_OldNew_test,15511,None,None,None,None,None,None,None,a,r,y,j,d,n,None,None,2,816,1536,24,864,24,-7,-7,1536,2,15511,None,no_jo_test,29,nonword,None,Win32,None,None,None,None,None
19,None,None,Mozilla,None,Netscape,5.0 (Windows),None,6,None,None,None,None,None,None,k,None,None,06-02-26,06-02-26,10:41:02,None,None,None,None,None,None,0,0,0,0,0,None,None,None,None,58,L2_L1,1047011,3.9.8,None,None,None,Mixed_OldNew_test,15511,None,None,None,None,None,None,None,a,r,y,j,d,n,None,None,2,816,1536,24,864,24,-7,-7,1536,1,15511,None,we_zu_test,16,nonword,None,Win32,None,None,None,None,None
19,None,None,Mozilla,None,Netscape,5.0 (Windows),None,5,None,None,None,None,None,None,k,None,None,06-02-26,06-02-26,10:41:02,None,None,None,None,None,None,0,0,0,0,0,None,None,None,None,59,L2_L1,1047011,3.9.8,None,None,None,Mixed_OldNew_test,15511,None,None,None,None,None,None,None,a,r,y,j,d,n,None,None,2,816,1536,24,864,24,-7,-7,1536,1,15511,None,ju_wo_test,12,nonword,None,Win32,None,None,None,None,None
19,None,None,Mozilla,None,Netscape,5.0 (Windows),None,5,None,None,None,None,None,None,d,None,None,06-02-26,06-02-26,10:41:02,None,None,None,None,None,None,0,0,0,0,0,None,None,None,None,60,L2_L1,1047011,3.9.8,None,None,None,Mixed_OldNew_test,15511,None,None,None,None,None,None,None,a,r,y,j,d,n,None,None,2,816,1536,24,864,24,-7,-7,1536,1,15511,None,je_wo_test,3,pseudoword,None,Win32,None,None,None,None,None
19,None,None,Mozilla,None,Netscape,5.0 (Windows),None,2,None,None,None,None,None,None,k,None,None,06-02-26,06-02-26,10:41:02,None,None,None,None,None,None,0,0,0,0,0,None,None,None,None,61,L2_L1,1047011,3.9.8,None,None,None,Mixed_OldNew_test,15511,None,None,None,None,None,None,None,a,r,y,j,d,n,None,None,2,816,1536,24,864,24,-7,-7,1536,1,15511,None,me_fe_test,14,nonword,None,Win32,None,None,None,None,None
19,None,None,Mozilla,None,Netscape,5.0 (Windows),None,5,None,None,None,None,None,None,d,None,None,06-02-26,06-02-26,10:41:02,None,None,None,None,None,None,0,0,0,0,0,None,None,None,None,62,L2_L1,1047011,3.9.8,None,None,None,Mixed_OldNew_test,15511,None,None,None,None,None,None,None,a,r,y,j,k,n,None,None,2,816,1536,24,864,24,-7,-7,1536,2,15511,None,zo_pi_test,20,pseudoword,None,Win32,None,None,None,None,None
19,None,None,Mozilla,None,Netscape,5.0 (Windows),None,6,None,None,None,None,None,None,k,None,None,06-02-26,06-02-26,10:41:02,None,None,None,None,None,None,0,0,0,0,0,None,None,None,None,63,L2_L1,1047011,3.9.8,None,None,None,Mixed_OldNew_test,15511,None,None,None,None,None,None,None,a,r,y,j,d,n,None,None,1,816,1536,24,864,24,-7,-7,1536,1,15511,None,je_to_test,11,nonword,None,Win32,None,None,None,None,None
19,None,None,Mozilla,None,Netscape,5.0 (Windows),None,3,None,None,None,None,None,None,d,None,None,06-02-26,06-02-26,10:41:02,None,None,None,None,None,None,0,0,0,0,0,None,None,None,None,64,L2_L1,1047011,3.9.8,None,None,None,Mixed_OldNew_test,15511,None,None,None,None,None,None,None,a,r,y,j,d,n,None,None,1,816,1536,24,864,24,-7,-7,1536,2,15511,None,lu_tu_test,21,pseudoword,None,Win32,None,None,None,None,None
19,None,None,Mozilla,None,Netscape,5.0 (Windows),None,None,None,0,None,None,None,None,None,None,None,06-02-26,06-02-26,10:41:02,pastitie,0,0,None,None,None,0,0,0,0,0,None,None,None,None,None,L2_L1,1047011,3.9.8,None,None,None,Lextale,15511,None,None,None,j,1,None,None,a,r,y,j,None,n,n,n,None,816,1536,24,864,24,-7,-7,1536,None,15511,None,None,None,None,None,Win32,None,None,None,None,None
19,None,None,Mozilla,None,Netscape,5.0 (Windows),None,None,None,1,None,None,None,None,None,None,None,06-02-26,06-02-26,10:41:02,scheur,0,1,None,None,None,0,0,0,0,0,None,None,None,None,None,L2_L1,1047011,3.9.8,None,None,None,Lextale,15511,None,None,None,j,1,None,None,a,r,y,j,None,n,n,n,None,816,1536,24,864,24,-7,-7,1536,None,15511,None,None,None,None,None,Win32,None,None,None,None,None
19,None,None,Mozilla,None,Netscape,5.0 (Windows),None,None,None,1,None,None,None,None,None,None,None,06-02-26,06-02-26,10:41:02,fobisch,0,1,None,None,None,0,0,0,0,0,None,None,None,None,None,L2_L1,1047011,3.9.8,None,None,None,Lextale,15511,None,None,None,j,1,None,None,a,r,y,j,None,n,n,n,None,816,1536,24,864,24,-7,-7,1536,None,15511,None,None,None,None,None,Win32,None,None,None,None,None
19,None,None,Mozilla,None,Netscape,5.0 (Windows),None,None,None,1,None,None,None,None,None,None,None,06-02-26,06-02-26,10:41:02,markatief,1,0,None,None,None,0,0,0,0,0,None,None,None,None,None,L2_L1,1047011,3.9.8,None,None,None,Lextale,15511,None,None,None,j,0,None,None,a,r,y,j,None,n,n,n,None,816,1536,24,864,24,-7,-7,1536,None,15511,None,None,None,None,None,Win32,None,None,None,None,None
19,None,None,Mozilla,None,Netscape,5.0 (Windows),None,None,None,0,None,None,None,None,None,None,None,06-02-26,06-02-26,10:41:02,laakbaar,2,1,None,None,None,0,0,0,0,0,None,None,None,None,None,L2_L1,1047011,3.9.8,None,None,None,Lextale,15511,None,None,None,j,0,None,None,a,r,y,j,None,n,n,n,None,816,1536,24,864,24,-7,-7,1536,None,15511,None,None,None,None,None,Win32,None,None,None,None,None
19,None,None,Mozilla,None,Netscape,5.0 (Windows),None,None,None,1,None,None,None,None,None,None,None,06-02-26,06-02-26,10:41:02,slaags ,3,1,None,None,None,0,0,0,0,0,None,None,None,None,None,L2_L1,1047011,3.9.8,None,None,None,Lextale,15511,None,None,None,j,1,None,None,a,r,y,j,None,n,n,n,None,816,1536,24,864,24,-7,-7,1536,None,15511,None,None,None,None,None,Win32,None,None,None,None,None
19,None,None,Mozilla,None,Netscape,5.0 (Windows),None,None,None,0,None,None,None,None,None,None,None,06-02-26,06-02-26,10:41:02,riant,4,1,None,None,None,0,0,0,0,0,None,None,None,None,None,L2_L1,1047011,3.9.8,None,None,None,Lextale,15511,None,None,None,j,0,None,None,a,r,y,j,None,n,n,n,None,816,1536,24,864,24,-7,-7,1536,None,15511,None,None,None,None,None,Win32,None,None,None,None,None
19,None,None,Mozilla,None,Netscape,5.0 (Windows),None,None,None,1,None,None,None,None,None,None,None,06-02-26,06-02-26,10:41:02,joutbaag ,5,0,None,None,None,0,0,0,0,0,None,None,None,None,None,L2_L1,1047011,3.9.8,None,None,None,Lextale,15511,None,None,None,j,0,None,None,a,r,y,j,None,n,n,n,None,816,1536,24,864,24,-7,-7,1536,None,15511,None,None,None,None,None,Win32,None,None,None,None,None
19,None,None,Mozilla,None,Netscape,5.0 (Windows),None,None,None,1,None,None,None,None,None,None,None,06-02-26,06-02-26,10:41:02,doornat ,6,1,None,None,None,0,0,0,0,0,None,None,None,None,None,L2_L1,1047011,3.9.8,None,None,None,Lextale,15511,None,None,None,j,1,None,None,a,r,y,j,None,n,n,n,None,816,1536,24,864,24,-7,-7,1536,None,15511,None,None,None,None,None,Win32,None,None,None,None,None
19,None,None,Mozilla,None,Netscape,5.0 (Windows),None,None,None,1,None,None,None,None,None,None,None,06-02-26,06-02-26,10:41:02,woelig,7,1,None,None,None,0,0,0,0,0,None,None,None,None,None,L2_L1,1047011,3.9.8,None,None,None,Lextale,15511,None,None,None,j,1,None,None,a,r,y,j,None,n,n,n,None,816,1536,24,864,24,-7,-7,1536,None,15511,None,None,None,None,None,Win32,None,None,None,None,None
19,None,None,Mozilla,None,Netscape,5.0 (Windows),None,None,None,1,None,None,None,None,None,None,None,06-02-26,06-02-26,10:41:02,paviljoen,8,1,None,None,None,0,0,0,0,0,None,None,None,None,None,L2_L1,1047011,3.9.8,None,None,None,Lextale,15511,None,None,None,j,1,None,None,a,r,y,j,None,n,n,n,None,816,1536,24,864,24,-7,-7,1536,None,15511,None,None,None,None,None,Win32,None,None,None,None,None
19,None,None,Mozilla,None,Netscape,5.0 (Windows),None,None,None,1,None,None,None,None,None,None,None,06-02-26,06-02-26,10:41:02,doop,9,1,None,None,None,0,0,0,0,0,None,None,None,None,None,L2_L1,1047011,3.9.8,None,None,None,Lextale,15511,None,None,None,j,1,None,None,a,r,y,j,None,n,n,n,None,816,1536,24,864,24,-7,-7,1536,None,15511,None,None,None,None,None,Win32,None,None,None,None,None
19,None,None,Mozilla,None,Netscape,5.0 (Windows),None,None,None,1,None,None,None,None,None,None,None,06-02-26,06-02-26,10:41:02,starkatie ,10,0,None,None,None,0,0,0,0,0,None,None,None,None,None,L2_L1,1047011,3.9.8,None,None,None,Lextale,15511,None,None,None,j,0,None,None,a,r,y,j,None,n,n,n,None,816,1536,24,864,24,-7,-7,1536,None,15511,None,None,None,None,None,Win32,None,None,None,None,None
19,None,None,Mozilla,None,Netscape,5.0 (Windows),None,None,None,1,None,None,None,None,None,None,None,06-02-26,06-02-26,10:41:02,onledig,11,1,None,None,None,0,0,0,0,0,None,None,None,None,None,L2_L1,1047011,3.9.8,None,None,None,Lextale,15511,None,None,None,j,1,None,None,a,r,y,j,None,n,n,n,None,816,1536,24,864,24,-7,-7,1536,None,15511,None,None,None,None,None,Win32,None,None,None,None,None
19,None,None,Mozilla,None,Netscape,5.0 (Windows),None,None,None,1,None,None,None,None,None,None,None,06-02-26,06-02-26,10:41:02,toetsing ,12,1,None,None,None,0,0,0,0,0,None,None,None,None,None,L2_L1,1047011,3.9.8,None,None,None,Lextale,15511,None,None,None,j,1,None,None,a,r,y,j,None,n,n,n,None,816,1536,24,864,24,-7,-7,1536,None,15511,None,None,None,None,None,Win32,None,None,None,None,None
19,None,None,Mozilla,None,Netscape,5.0 (Windows),None,None,None,1,None,None,None,None,None,None,None,06-02-26,06-02-26,10:41:02,affiniteit,13,1,None,None,None,0,0,0,0,0,None,None,None,None,None,L2_L1,1047011,3.9.8,None,None,None,Lextale,15511,None,None,None,j,1,None,None,a,r,y,j,None,n,n,n,None,816,1536,24,864,24,-7,-7,1536,None,15511,None,None,None,None,None,Win32,None,None,None,None,None
19,None,None,Mozilla,None,Netscape,5.0 (Windows),None,None,None,1,None,None,None,None,None,None,None,06-02-26,06-02-26,10:41:02,mikken,14,1,None,None,None,0,0,0,0,0,None,None,None,None,None,L2_L1,1047011,3.9.8,None,None,None,Lextale,15511,None,None,None,j,1,None,None,a,r,y,j,None,n,n,n,None,816,1536,24,864,24,-7,-7,1536,None,15511,None,None,None,None,None,Win32,None,None,None,None,None
19,None,None,Mozilla,None,Netscape,5.0 (Windows),None,None,None,1,None,None,None,None,None,None,None,06-02-26,06-02-26,10:41:02,knullig ,15,1,None,None,None,0,0,0,0,0,None,None,None,None,None,L2_L1,1047011,3.9.8,None,None,None,Lextale,15511,None,None,None,j,1,None,None,a,r,y,j,None,n,n,n,None,816,1536,24,864,24,-7,-7,1536,None,15511,None,None,None,None,None,Win32,None,None,None,None,None
19,None,None,Mozilla,None,Netscape,5.0 (Windows),None,None,None,1,None,None,None,None,None,None,None,06-02-26,06-02-26,10:41:02,streuren,16,0,None,None,None,0,0,0,0,0,None,None,None,None,None,L2_L1,1047011,3.9.8,None,None,None,Lextale,15511,None,None,None,j,0,None,None,a,r,y,j,None,n,n,n,None,816,1536,24,864,24,-7,-7,1536,None,15511,None,None,None,None,None,Win32,None,None,None,None,None
19,None,None,Mozilla,None,Netscape,5.0 (Windows),None,None,None,1,None,None,None,None,None,None,None,06-02-26,06-02-26,10:41:02,rups,17,1,None,None,None,0,0,0,0,0,None,None,None,None,None,L2_L1,1047011,3.9.8,None,None,None,Lextale,15511,None,None,None,j,1,None,None,a,r,y,j,None,n,n,n,None,816,1536,24,864,24,-7,-7,1536,None,15511,None,None,None,None,None,Win32,None,None,None,None,None
19,None,None,Mozilla,None,Netscape,5.0 (Windows),None,None,None,1,None,None,None,None,None,None,None,06-02-26,06-02-26,10:41:02,paars,18,1,None,None,None,0,0,0,0,0,None,None,None,None,None,L2_L1,1047011,3.9.8,None,None,None,Lextale,15511,None,None,None,j,1,None,None,a,r,y,j,None,n,n,n,None,816,1536,24,864,24,-7,-7,1536,None,15511,None,None,None,None,None,Win32,None,None,None,None,None
19,None,None,Mozilla,None,Netscape,5.0 (Windows),None,None,None,1,None,None,None,None,None,None,None,06-02-26,06-02-26,10:41:02,speven ,19,0,None,None,None,0,0,0,0,0,None,None,None,None,None,L2_L1,1047011,3.9.8,None,None,None,Lextale,15511,None,None,None,j,0,None,None,a,r,y,j,None,n,n,n,None,816,1536,24,864,24,-7,-7,1536,None,15511,None,None,None,None,None,Win32,None,None,None,None,None
19,None,None,Mozilla,None,Netscape,5.0 (Windows),None,None,None,1,None,None,None,None,None,None,None,06-02-26,06-02-26,10:41:02,geraakt,20,1,None,None,None,0,0,0,0,0,None,None,None,None,None,L2_L1,1047011,3.9.8,None,None,None,Lextale,15511,None,None,None,j,1,None,None,a,r,y,j,None,n,n,n,None,816,1536,24,864,24,-7,-7,1536,None,15511,None,None,None,None,None,Win32,None,None,None,None,None
19,None,None,Mozilla,None,Netscape,5.0 (Windows),None,None,None,1,None,None,None,None,None,None,None,06-02-26,06-02-26,10:41:02,martelaar,21,1,None,None,None,0,0,0,0,0,None,None,None,None,None,L2_L1,1047011,3.9.8,None,None,None,Lextale,15511,None,None,None,j,1,None,None,a,r,y,j,None,n,n,n,None,816,1536,24,864,24,-7,-7,1536,None,15511,None,None,None,None,None,Win32,None,None,None,None,None
19,None,None,Mozilla,None,Netscape,5.0 (Windows),None,None,None,1,None,None,None,None,None,None,None,06-02-26,06-02-26,10:41:02,ontpelen,22,0,None,None,None,0,0,0,0,0,None,None,None,None,None,L2_L1,1047011,3.9.8,None,None,None,Lextale,15511,None,None,None,j,0,None,None,a,r,y,j,None,n,n,n,None,816,1536,24,864,24,-7,-7,1536,None,15511,None,None,None,None,None,Win32,None,None,None,None,None
19,None,None,Mozilla,None,Netscape,5.0 (Windows),None,None,None,1,None,None,None,None,None,None,None,06-02-26,06-02-26,10:41:02,stagnatie,23,1,None,None,None,0,0,0,0,0,None,None,None,None,None,L2_L1,1047011,3.9.8,None,None,None,Lextale,15511,None,None,None,j,1,None,None,a,r,y,j,None,n,n,n,None,816,1536,24,864,24,-7,-7,1536,None,15511,None,None,None,None,None,Win32,None,None,None,None,None
19,None,None,Mozilla,None,Netscape,5.0 (Windows),None,None,None,1,None,None,None,None,None,None,None,06-02-26,06-02-26,10:41:02,dronkenschap,24,1,None,None,None,0,0,0,0,0,None,None,None,None,None,L2_L1,1047011,3.9.8,None,None,None,Lextale,15511,None,None,None,j,1,None,None,a,r,y,j,None,n,n,n,None,816,1536,24,864,24,-7,-7,1536,None,15511,None,None,None,None,None,Win32,None,None,None,None,None
19,None,None,Mozilla,None,Netscape,5.0 (Windows),None,None,None,1,None,None,None,None,None,None,None,06-02-26,06-02-26,10:41:02,voornemen,25,1,None,None,None,0,0,0,0,0,None,None,None,None,None,L2_L1,1047011,3.9.8,None,None,None,Lextale,15511,None,None,None,j,1,None,None,a,r,y,j,None,n,n,n,None,816,1536,24,864,24,-7,-7,1536,None,15511,None,None,None,None,None,Win32,None,None,None,None,None
19,None,None,Mozilla,None,Netscape,5.0 (Windows),None,None,None,1,None,None,None,None,None,None,None,06-02-26,06-02-26,10:41:02,vertediseren,26,0,None,None,None,0,0,0,0,0,None,None,None,None,None,L2_L1,1047011,3.9.8,None,None,None,Lextale,15511,None,None,None,j,0,None,None,a,r,y,j,None,n,n,n,None,816,1536,24,864,24,-7,-7,1536,None,15511,None,None,None,None,None,Win32,None,None,None,None,None
19,None,None,Mozilla,None,Netscape,5.0 (Windows),None,None,None,1,None,None,None,None,None,None,None,06-02-26,06-02-26,10:41:02,normatief,27,1,None,None,None,0,0,0,0,0,None,None,None,None,None,L2_L1,1047011,3.9.8,None,None,None,Lextale,15511,None,None,None,j,1,None,None,a,r,y,j,None,n,n,n,None,816,1536,24,864,24,-7,-7,1536,None,15511,None,None,None,None,None,Win32,None,None,None,None,None
19,None,None,Mozilla,None,Netscape,5.0 (Windows),None,None,None,1,None,None,None,None,None,None,None,06-02-26,06-02-26,10:41:02,zetelen,28,1,None,None,None,0,0,0,0,0,None,None,None,None,None,L2_L1,1047011,3.9.8,None,None,None,Lextale,15511,None,None,None,j,1,None,None,a,r,y,j,None,n,n,n,None,816,1536,24,864,24,-7,-7,1536,None,15511,None,None,None,None,None,Win32,None,None,None,None,None
19,None,None,Mozilla,None,Netscape,5.0 (Windows),None,None,None,1,None,None,None,None,None,None,None,06-02-26,06-02-26,10:41:02,zolf,29,0,None,None,None,0,0,0,0,0,None,None,None,None,None,L2_L1,1047011,3.9.8,None,None,None,Lextale,15511,None,None,None,j,0,None,None,a,r,y,j,None,n,n,n,None,816,1536,24,864,24,-7,-7,1536,None,15511,None,None,None,None,None,Win32,None,None,None,None,None
19,None,None,Mozilla,None,Netscape,5.0 (Windows),None,None,None,1,None,None,None,None,None,None,None,06-02-26,06-02-26,10:41:02,publiekelijk ,30,1,None,None,None,0,0,0,0,0,None,None,None,None,None,L2_L1,1047011,3.9.8,None,None,None,Lextale,15511,None,None,None,j,1,None,None,a,r,y,j,None,n,n,n,None,816,1536,24,864,24,-7,-7,1536,None,15511,None,None,None,None,None,Win32,None,None,None,None,None
19,None,None,Mozilla,None,Netscape,5.0 (Windows),None,None,None,1,None,None,None,None,None,None,None,06-02-26,06-02-26,10:41:02,vluk ,31,0,None,None,None,0,0,0,0,0,None,None,None,None,None,L2_L1,1047011,3.9.8,None,None,None,Lextale,15511,None,None,None,j,0,None,None,a,r,y,j,None,n,n,n,None,816,1536,24,864,24,-7,-7,1536,None,15511,None,None,None,None,None,Win32,None,None,None,None,None
19,None,None,Mozilla,None,Netscape,5.0 (Windows),None,None,None,1,None,None,None,None,None,None,None,06-02-26,06-02-26,10:41:02,compromeet,32,0,None,None,None,0,0,0,0,0,None,None,None,None,None,L2_L1,1047011,3.9.8,None,None,None,Lextale,15511,None,None,None,j,0,None,None,a,r,y,j,None,n,n,n,None,816,1536,24,864,24,-7,-7,1536,None,15511,None,None,None,None,None,Win32,None,None,None,None,None
19,None,None,Mozilla,None,Netscape,5.0 (Windows),None,None,None,1,None,None,None,None,None,None,None,06-02-26,06-02-26,10:41:02,romig,33,1,None,None,None,0,0,0,0,0,None,None,None,None,None,L2_L1,1047011,3.9.8,None,None,None,Lextale,15511,None,None,None,j,1,None,None,a,r,y,j,None,n,n,n,None,816,1536,24,864,24,-7,-7,1536,None,15511,None,None,None,None,None,Win32,None,None,None,None,None
19,None,None,Mozilla,None,Netscape,5.0 (Windows),None,None,None,1,None,None,None,None,None,None,None,06-02-26,06-02-26,10:41:02,getint ,34,1,None,None,None,0,0,0,0,0,None,None,None,None,None,L2_L1,1047011,3.9.8,None,None,None,Lextale,15511,None,None,None,j,1,None,None,a,r,y,j,None,n,n,n,None,816,1536,24,864,24,-7,-7,1536,None,15511,None,None,None,None,None,Win32,None,None,None,None,None
19,None,None,Mozilla,None,Netscape,5.0 (Windows),None,None,None,1,None,None,None,None,None,None,None,06-02-26,06-02-26,10:41:02,gelovig,35,1,None,None,None,0,0,0,0,0,None,None,None,None,None,L2_L1,1047011,3.9.8,None,None,None,Lextale,15511,None,None,None,j,1,None,None,a,r,y,j,None,n,n,n,None,816,1536,24,864,24,-7,-7,1536,None,15511,None,None,None,None,None,Win32,None,None,None,None,None
19,None,None,Mozilla,None,Netscape,5.0 (Windows),None,None,None,0,None,None,None,None,None,None,None,06-02-26,06-02-26,10:41:02,nopen,36,1,None,None,None,0,0,0,0,0,None,None,None,None,None,L2_L1,1047011,3.9.8,None,None,None,Lextale,15511,None,None,None,j,0,None,None,a,r,y,j,None,n,n,n,None,816,1536,24,864,24,-7,-7,1536,None,15511,None,None,None,None,None,Win32,None,None,None,None,None
19,None,None,Mozilla,None,Netscape,5.0 (Windows),None,None,None,1,None,None,None,None,None,None,None,06-02-26,06-02-26,10:41:02,kluiper,37,0,None,None,None,0,0,0,0,0,None,None,None,None,None,L2_L1,1047011,3.9.8,None,None,None,Lextale,15511,None,None,None,j,0,None,None,a,r,y,j,None,n,n,n,None,816,1536,24,864,24,-7,-7,1536,None,15511,None,None,None,None,None,Win32,None,None,None,None,None
19,None,None,Mozilla,None,Netscape,5.0 (Windows),None,None,None,1,None,None,None,None,None,None,None,06-02-26,06-02-26,10:41:02,geloei,38,1,None,None,None,0,0,0,0,0,None,None,None,None,None,L2_L1,1047011,3.9.8,None,None,None,Lextale,15511,None,None,None,j,1,None,None,a,r,y,j,None,n,n,n,None,816,1536,24,864,24,-7,-7,1536,None,15511,None,None,None,None,None,Win32,None,None,None,None,None
19,None,None,Mozilla,None,Netscape,5.0 (Windows),None,None,None,1,None,None,None,None,None,None,None,06-02-26,06-02-26,10:41:02,retorisch,39,1,None,None,None,0,0,0,0,0,None,None,None,None,None,L2_L1,1047011,3.9.8,None,None,None,Lextale,15511,None,None,None,j,1,None,None,a,r,y,j,None,n,n,n,None,816,1536,24,864,24,-7,-7,1536,None,15511,None,None,None,None,None,Win32,None,None,None,None,None
19,None,None,Mozilla,None,Netscape,5.0 (Windows),None,None,None,0,None,None,None,None,None,None,None,06-02-26,06-02-26,10:41:02,maliteit,40,0,None,None,None,0,0,0,0,0,None,None,None,None,None,L2_L1,1047011,3.9.8,None,None,None,Lextale,15511,None,None,None,j,1,None,None,a,r,y,j,None,n,n,n,None,816,1536,24,864,24,-7,-7,1536,None,15511,None,None,None,None,None,Win32,None,None,None,None,None
19,None,None,Mozilla,None,Netscape,5.0 (Windows),None,None,None,1,None,None,None,None,None,None,None,06-02-26,06-02-26,10:41:02,verspilling,41,1,None,None,None,0,0,0,0,0,None,None,None,None,None,L2_L1,1047011,3.9.8,None,None,None,Lextale,15511,None,None,None,j,1,None,None,a,r,y,j,None,n,n,n,None,816,1536,24,864,24,-7,-7,1536,None,15511,None,None,None,None,None,Win32,None,None,None,None,None
19,None,None,Mozilla,None,Netscape,5.0 (Windows),None,None,None,1,None,None,None,None,None,None,None,06-02-26,06-02-26,10:41:02,haperie,42,0,None,None,None,0,0,0,0,0,None,None,None,None,None,L2_L1,1047011,3.9.8,None,None,None,Lextale,15511,None,None,None,j,0,None,None,a,r,y,j,None,n,n,n,None,816,1536,24,864,24,-7,-7,1536,None,15511,None,None,None,None,None,Win32,None,None,None,None,None
19,None,None,Mozilla,None,Netscape,5.0 (Windows),None,None,None,1,None,None,None,None,None,None,None,06-02-26,06-02-26,10:41:02,proom,43,0,None,None,None,0,0,0,0,0,None,None,None,None,None,L2_L1,1047011,3.9.8,None,None,None,Lextale,15511,None,None,None,j,0,None,None,a,r,y,j,None,n,n,n,None,816,1536,24,864,24,-7,-7,1536,None,15511,None,None,None,None,None,Win32,None,None,None,None,None
19,None,None,Mozilla,None,Netscape,5.0 (Windows),None,None,None,1,None,None,None,None,None,None,None,06-02-26,06-02-26,10:41:02,fornuis,44,1,None,None,None,0,0,0,0,0,None,None,None,None,None,L2_L1,1047011,3.9.8,None,None,None,Lextale,15511,None,None,None,j,1,None,None,a,r,y,j,None,n,n,n,None,816,1536,24,864,24,-7,-7,1536,None,15511,None,None,None,None,None,Win32,None,None,None,None,None
19,None,None,Mozilla,None,Netscape,5.0 (Windows),None,None,None,1,None,None,None,None,None,None,None,06-02-26,06-02-26,10:41:02,exploitatie,45,1,None,None,None,0,0,0,0,0,None,None,None,None,None,L2_L1,1047011,3.9.8,None,None,None,Lextale,15511,None,None,None,j,1,None,None,a,r,y,j,None,n,n,n,None,816,1536,24,864,24,-7,-7,1536,None,15511,None,None,None,None,None,Win32,None,None,None,None,None
19,None,None,Mozilla,None,Netscape,5.0 (Windows),None,None,None,1,None,None,None,None,None,None,None,06-02-26,06-02-26,10:41:02,acteur ,46,1,None,None,None,0,0,0,0,0,None,None,None,None,None,L2_L1,1047011,3.9.8,None,None,None,Lextale,15511,None,None,None,j,1,None,None,a,r,y,j,None,n,n,n,None,816,1536,24,864,24,-7,-7,1536,None,15511,None,None,None,None,None,Win32,None,None,None,None,None
19,None,None,Mozilla,None,Netscape,5.0 (Windows),None,None,None,1,None,None,None,None,None,None,None,06-02-26,06-02-26,10:41:02,hengel ,47,1,None,None,None,0,0,0,0,0,None,None,None,None,None,L2_L1,1047011,3.9.8,None,None,None,Lextale,15511,None,None,None,j,1,None,None,a,r,y,j,None,n,n,n,None,816,1536,24,864,24,-7,-7,1536,None,15511,None,None,None,None,None,Win32,None,None,None,None,None
19,None,None,Mozilla,None,Netscape,5.0 (Windows),None,None,None,1,None,None,None,None,None,None,None,06-02-26,06-02-26,10:41:02,flajoen ,48,0,None,None,None,0,0,0,0,0,None,None,None,None,None,L2_L1,1047011,3.9.8,None,None,None,Lextale,15511,None,None,None,j,0,None,None,a,r,y,j,None,n,n,n,None,816,1536,24,864,24,-7,-7,1536,None,15511,None,None,None,None,None,Win32,None,None,None,None,None
19,None,None,Mozilla,None,Netscape,5.0 (Windows),None,None,None,1,None,None,None,None,None,None,None,06-02-26,06-02-26,10:41:02,aanhekking,49,0,None,None,None,0,0,0,0,0,None,None,None,None,None,L2_L1,1047011,3.9.8,None,None,None,Lextale,15511,None,None,None,j,0,None,None,a,r,y,j,None,n,n,n,None,816,1536,24,864,24,-7,-7,1536,None,15511,None,None,None,None,None,Win32,None,None,None,None,None
19,None,None,Mozilla,None,Netscape,5.0 (Windows),None,None,None,1,None,None,None,None,None,None,None,06-02-26,06-02-26,10:41:02,kazerne ,50,1,None,None,None,0,0,0,0,0,None,None,None,None,None,L2_L1,1047011,3.9.8,None,None,None,Lextale,15511,None,None,None,j,1,None,None,a,r,y,j,None,n,n,n,None,816,1536,24,864,24,-7,-7,1536,None,15511,None,None,None,None,None,Win32,None,None,None,None,None
19,None,None,Mozilla,None,Netscape,5.0 (Windows),None,None,None,1,None,None,None,None,None,None,None,06-02-26,06-02-26,10:41:02,avonturier,51,1,None,None,None,0,0,0,0,0,None,None,None,None,None,L2_L1,1047011,3.9.8,None,None,None,Lextale,15511,None,None,None,j,1,None,None,a,r,y,j,None,n,n,n,None,816,1536,24,864,24,-7,-7,1536,None,15511,None,None,None,None,None,Win32,None,None,None,None,None
19,None,None,Mozilla,None,Netscape,5.0 (Windows),None,None,None,1,None,None,None,None,None,None,None,06-02-26,06-02-26,10:41:02,leurig,52,0,None,None,None,0,0,0,0,0,None,None,None,None,None,L2_L1,1047011,3.9.8,None,None,None,Lextale,15511,None,None,None,j,0,None,None,a,r,y,j,None,n,n,n,None,816,1536,24,864,24,-7,-7,1536,None,15511,None,None,None,None,None,Win32,None,None,None,None,None
19,None,None,Mozilla,None,Netscape,5.0 (Windows),None,None,None,1,None,None,None,None,None,None,None,06-02-26,06-02-26,10:41:02,chagrijnig ,53,1,None,None,None,0,0,0,0,0,None,None,None,None,None,L2_L1,1047011,3.9.8,None,None,None,Lextale,15511,None,None,None,j,1,None,None,a,r,y,j,None,n,n,n,None,816,1536,24,864,24,-7,-7,1536,None,15511,None,None,None,None,None,Win32,None,None,None,None,None
19,None,None,Mozilla,None,Netscape,5.0 (Windows),None,None,None,0,None,None,None,None,None,None,None,06-02-26,06-02-26,10:41:02,bretel,54,1,None,None,None,0,0,0,0,0,None,None,None,None,None,L2_L1,1047011,3.9.8,None,None,None,Lextale,15511,None,None,None,j,0,None,None,a,r,y,j,None,n,n,n,None,816,1536,24,864,24,-7,-7,1536,None,15511,None,None,None,None,None,Win32,None,None,None,None,None
19,None,None,Mozilla,None,Netscape,5.0 (Windows),None,None,None,1,None,None,None,None,None,None,None,06-02-26,06-02-26,10:41:02,klengel ,55,0,None,None,None,0,0,0,0,0,None,None,None,None,None,L2_L1,1047011,3.9.8,None,None,None,Lextale,15511,None,None,None,j,0,None,None,a,r,y,j,None,n,n,n,None,816,1536,24,864,24,-7,-7,1536,None,15511,None,None,None,None,None,Win32,None,None,None,None,None
19,None,None,Mozilla,None,Netscape,5.0 (Windows),None,None,None,1,None,None,None,None,None,None,None,06-02-26,06-02-26,10:41:02,etaal ,56,0,None,None,None,0,0,0,0,0,None,None,None,None,None,L2_L1,1047011,3.9.8,None,None,None,Lextale,15511,None,None,None,j,0,None,None,a,r,y,j,None,n,n,n,None,816,1536,24,864,24,-7,-7,1536,None,15511,None,None,None,None,None,Win32,None,None,None,None,None
19,None,None,Mozilla,None,Netscape,5.0 (Windows),None,None,None,1,None,None,None,None,None,None,None,06-02-26,06-02-26,10:41:02,matig ,57,1,None,None,None,0,0,0,0,0,None,None,None,None,None,L2_L1,1047011,3.9.8,None,None,None,Lextale,15511,None,None,None,j,1,None,None,a,r,y,j,None,n,n,n,None,816,1536,24,864,24,-7,-7,1536,None,15511,None,None,None,None,None,Win32,None,None,None,None,None
19,None,None,Mozilla,None,Netscape,5.0 (Windows),None,None,None,1,None,None,None,None,None,None,None,06-02-26,06-02-26,10:41:02,futeur ,58,0,None,None,None,0,0,0,0,0,None,None,None,None,None,L2_L1,1047011,3.9.8,None,None,None,Lextale,15511,None,None,None,j,0,None,None,a,r,y,j,None,n,n,n,None,816,1536,24,864,24,-7,-7,1536,None,15511,None,None,None,None,None,Win32,None,None,None,None,None
19,None,None,Mozilla,None,Netscape,5.0 (Windows),None,None,None,1,None,None,None,None,None,None,None,06-02-26,06-02-26,10:41:02,onbekwaam,59,1,None,None,None,0,0,0,0,0,None,None,None,None,None,L2_L1,1047011,3.9.8,None,None,None,Lextale,15511,None,None,None,j,1,None,None,a,r,y,j,None,n,n,n,None,816,1536,24,864,24,-7,-7,1536,None,15511,None,None,None,None,None,Win32,None,None,None,None,None
19,None,None,Mozilla,None,Netscape,5.0 (Windows),None,None,None,1,None,None,None,None,None,None,None,06-02-26,06-02-26,10:41:02,verguld ,60,1,None,None,None,0,0,0,0,0,None,None,None,None,None,L2_L1,1047011,3.9.8,None,None,None,Lextale,15511,None,None,None,j,1,None,None,a,r,y,j,None,n,n,n,None,816,1536,24,864,24,-7,-7,1536,None,15511,None,None,None,None,None,Win32,None,None,None,None,None
19,None,None,Mozilla,None,Netscape,5.0 (Windows),None,None,None,None,1,None,None,None,None,None,None,06-02-26,06-02-26,10:41:02,None,None,None,platery,0,0,0,0,0,0,0,None,None,None,None,None,L2_L1,1047011,3.9.8,None,None,None,Lextale,15511,None,None,None,j,None,0,None,a,r,y,j,None,n,n,n,None,816,1536,24,864,24,-7,-7,1536,None,15511,None,None,None,None,None,Win32,None,None,None,None,None
19,None,None,Mozilla,None,Netscape,5.0 (Windows),None,None,None,None,1,None,None,None,None,None,None,06-02-26,06-02-26,10:41:02,None,None,None,denial ,0,1,0,0,0,0,0,None,None,None,None,None,L2_L1,1047011,3.9.8,None,None,None,Lextale,15511,None,None,None,j,None,1,None,a,r,y,j,None,n,n,n,None,816,1536,24,864,24,-7,-7,1536,None,15511,None,None,None,None,None,Win32,None,None,None,None,None
19,None,None,Mozilla,None,Netscape,5.0 (Windows),None,None,None,None,1,None,None,None,None,None,None,06-02-26,06-02-26,10:41:02,None,None,None,generic ,0,1,0,0,0,0,0,None,None,None,None,None,L2_L1,1047011,3.9.8,None,None,None,Lextale,15511,None,None,None,j,None,1,None,a,r,y,j,None,n,n,n,None,816,1536,24,864,24,-7,-7,1536,None,15511,None,None,None,None,None,Win32,None,None,None,None,None
19,None,None,Mozilla,None,Netscape,5.0 (Windows),None,None,None,None,1,None,None,None,None,None,None,06-02-26,06-02-26,10:41:02,None,None,None,mensible,1,0,0,0,0,0,0,None,None,None,None,None,L2_L1,1047011,3.9.8,None,None,None,Lextale,15511,None,None,None,j,None,0,None,a,r,y,j,None,n,n,n,None,816,1536,24,864,24,-7,-7,1536,None,15511,None,None,None,None,None,Win32,None,None,None,None,None
19,None,None,Mozilla,None,Netscape,5.0 (Windows),None,None,None,None,1,None,None,None,None,None,None,06-02-26,06-02-26,10:41:02,None,None,None,scornful,2,1,0,0,0,0,0,None,None,None,None,None,L2_L1,1047011,3.9.8,None,None,None,Lextale,15511,None,None,None,j,None,1,None,a,r,y,j,None,n,n,n,None,816,1536,24,864,24,-7,-7,1536,None,15511,None,None,None,None,None,Win32,None,None,None,None,None
19,None,None,Mozilla,None,Netscape,5.0 (Windows),None,None,None,None,1,None,None,None,None,None,None,06-02-26,06-02-26,10:41:02,None,None,None,stoutly,3,1,0,0,0,0,0,None,None,None,None,None,L2_L1,1047011,3.9.8,None,None,None,Lextale,15511,None,None,None,j,None,1,None,a,r,y,j,None,n,n,n,None,816,1536,24,864,24,-7,-7,1536,None,15511,None,None,None,None,None,Win32,None,None,None,None,None
19,None,None,Mozilla,None,Netscape,5.0 (Windows),None,None,None,None,1,None,None,None,None,None,None,06-02-26,06-02-26,10:41:02,None,None,None,ablaze ,4,1,0,0,0,0,0,None,None,None,None,None,L2_L1,1047011,3.9.8,None,None,None,Lextale,15511,None,None,None,j,None,1,None,a,r,y,j,None,n,n,n,None,816,1536,24,864,24,-7,-7,1536,None,15511,None,None,None,None,None,Win32,None,None,None,None,None
19,None,None,Mozilla,None,Netscape,5.0 (Windows),None,None,None,None,1,None,None,None,None,None,None,06-02-26,06-02-26,10:41:02,None,None,None,kermshaw,5,0,0,0,0,0,0,None,None,None,None,None,L2_L1,1047011,3.9.8,None,None,None,Lextale,15511,None,None,None,j,None,0,None,a,r,y,j,None,n,n,n,None,816,1536,24,864,24,-7,-7,1536,None,15511,None,None,None,None,None,Win32,None,None,None,None,None
19,None,None,Mozilla,None,Netscape,5.0 (Windows),None,None,None,None,1,None,None,None,None,None,None,06-02-26,06-02-26,10:41:02,None,None,None,moonlit,6,1,0,0,0,0,0,None,None,None,None,None,L2_L1,1047011,3.9.8,None,None,None,Lextale,15511,None,None,None,j,None,1,None,a,r,y,j,None,n,n,n,None,816,1536,24,864,24,-7,-7,1536,None,15511,None,None,None,None,None,Win32,None,None,None,None,None
19,None,None,Mozilla,None,Netscape,5.0 (Windows),None,None,None,None,1,None,None,None,None,None,None,06-02-26,06-02-26,10:41:02,None,None,None,lofty ,7,1,0,0,0,0,0,None,None,None,None,None,L2_L1,1047011,3.9.8,None,None,None,Lextale,15511,None,None,None,j,None,1,None,a,r,y,j,None,n,n,n,None,816,1536,24,864,24,-7,-7,1536,None,15511,None,None,None,None,None,Win32,None,None,None,None,None
19,None,None,Mozilla,None,Netscape,5.0 (Windows),None,None,None,None,1,None,None,None,None,None,None,06-02-26,06-02-26,10:41:02,None,None,None,hurricane,8,1,0,0,0,0,0,None,None,None,None,None,L2_L1,1047011,3.9.8,None,None,None,Lextale,15511,None,None,None,j,None,1,None,a,r,y,j,None,n,n,n,None,816,1536,24,864,24,-7,-7,1536,None,15511,None,None,None,None,None,Win32,None,None,None,None,None
19,None,None,Mozilla,None,Netscape,5.0 (Windows),None,None,None,None,1,None,None,None,None,None,None,06-02-26,06-02-26,10:41:02,None,None,None,flaw,9,1,0,0,0,0,0,None,None,None,None,None,L2_L1,1047011,3.9.8,None,None,None,Lextale,15511,None,None,None,j,None,1,None,a,r,y,j,None,n,n,n,None,816,1536,24,864,24,-7,-7,1536,None,15511,None,None,None,None,None,Win32,None,None,None,None,None
19,None,None,Mozilla,None,Netscape,5.0 (Windows),None,None,None,None,1,None,None,None,None,None,None,06-02-26,06-02-26,10:41:02,None,None,None,alberation,10,0,0,0,0,0,0,None,None,None,None,None,L2_L1,1047011,3.9.8,None,None,None,Lextale,15511,None,None,None,j,None,0,None,a,r,y,j,None,n,n,n,None,816,1536,24,864,24,-7,-7,1536,None,15511,None,None,None,None,None,Win32,None,None,None,None,None
19,None,None,Mozilla,None,Netscape,5.0 (Windows),None,None,None,None,1,None,None,None,None,None,None,06-02-26,06-02-26,10:41:02,None,None,None,unkempt ,11,1,0,0,0,0,0,None,None,None,None,None,L2_L1,1047011,3.9.8,None,None,None,Lextale,15511,None,None,None,j,None,1,None,a,r,y,j,None,n,n,n,None,816,1536,24,864,24,-7,-7,1536,None,15511,None,None,None,None,None,Win32,None,None,None,None,None
19,None,None,Mozilla,None,Netscape,5.0 (Windows),None,None,None,None,1,None,None,None,None,None,None,06-02-26,06-02-26,10:41:02,None,None,None,breeding,12,1,0,0,0,0,0,None,None,None,None,None,L2_L1,1047011,3.9.8,None,None,None,Lextale,15511,None,None,None,j,None,1,None,a,r,y,j,None,n,n,n,None,816,1536,24,864,24,-7,-7,1536,None,15511,None,None,None,None,None,Win32,None,None,None,None,None
19,None,None,Mozilla,None,Netscape,5.0 (Windows),None,None,None,None,1,None,None,None,None,None,None,06-02-26,06-02-26,10:41:02,None,None,None,festivity,13,1,0,0,0,0,0,None,None,None,None,None,L2_L1,1047011,3.9.8,None,None,None,Lextale,15511,None,None,None,j,None,1,None,a,r,y,j,None,n,n,n,None,816,1536,24,864,24,-7,-7,1536,None,15511,None,None,None,None,None,Win32,None,None,None,None,None
19,None,None,Mozilla,None,Netscape,5.0 (Windows),None,None,None,None,1,None,None,None,None,None,None,06-02-26,06-02-26,10:41:02,None,None,None,screech,14,1,0,0,0,0,0,None,None,None,None,None,L2_L1,1047011,3.9.8,None,None,None,Lextale,15511,None,None,None,j,None,1,None,a,r,y,j,None,n,n,n,None,816,1536,24,864,24,-7,-7,1536,None,15511,None,None,None,None,None,Win32,None,None,None,None,None
19,None,None,Mozilla,None,Netscape,5.0 (Windows),None,None,None,None,1,None,None,None,None,None,None,06-02-26,06-02-26,10:41:02,None,None,None,savoury,15,1,0,0,0,0,0,None,None,None,None,None,L2_L1,1047011,3.9.8,None,None,None,Lextale,15511,None,None,None,j,None,1,None,a,r,y,j,None,n,n,n,None,816,1536,24,864,24,-7,-7,1536,None,15511,None,None,None,None,None,Win32,None,None,None,None,None
19,None,None,Mozilla,None,Netscape,5.0 (Windows),None,None,None,None,1,None,None,None,None,None,None,06-02-26,06-02-26,10:41:02,None,None,None,plaudate ,16,0,0,0,0,0,0,None,None,None,None,None,L2_L1,1047011,3.9.8,None,None,None,Lextale,15511,None,None,None,j,None,0,None,a,r,y,j,None,n,n,n,None,816,1536,24,864,24,-7,-7,1536,None,15511,None,None,None,None,None,Win32,None,None,None,None,None
19,None,None,Mozilla,None,Netscape,5.0 (Windows),None,None,None,None,1,None,None,None,None,None,None,06-02-26,06-02-26,10:41:02,None,None,None,shin,17,1,0,0,0,0,0,None,None,None,None,None,L2_L1,1047011,3.9.8,None,None,None,Lextale,15511,None,None,None,j,None,1,None,a,r,y,j,None,n,n,n,None,816,1536,24,864,24,-7,-7,1536,None,15511,None,None,None,None,None,Win32,None,None,None,None,None
19,None,None,Mozilla,None,Netscape,5.0 (Windows),None,None,None,None,1,None,None,None,None,None,None,06-02-26,06-02-26,10:41:02,None,None,None,fluid ,18,1,0,0,0,0,0,None,None,None,None,None,L2_L1,1047011,3.9.8,None,None,None,Lextale,15511,None,None,None,j,None,1,None,a,r,y,j,None,n,n,n,None,816,1536,24,864,24,-7,-7,1536,None,15511,None,None,None,None,None,Win32,None,None,None,None,None
19,None,None,Mozilla,None,Netscape,5.0 (Windows),None,None,None,None,1,None,None,None,None,None,None,06-02-26,06-02-26,10:41:02,None,None,None,spaunch,19,0,0,0,0,0,0,None,None,None,None,None,L2_L1,1047011,3.9.8,None,None,None,Lextale,15511,None,None,None,j,None,0,None,a,r,y,j,None,n,n,n,None,816,1536,24,864,24,-7,-7,1536,None,15511,None,None,None,None,None,Win32,None,None,None,None,None
19,None,None,Mozilla,None,Netscape,5.0 (Windows),None,None,None,None,0,None,None,None,None,None,None,06-02-26,06-02-26,10:41:02,None,None,None,allied ,20,1,0,0,0,0,0,None,None,None,None,None,L2_L1,1047011,3.9.8,None,None,None,Lextale,15511,None,None,None,j,None,0,None,a,r,y,j,None,n,n,n,None,816,1536,24,864,24,-7,-7,1536,None,15511,None,None,None,None,None,Win32,None,None,None,None,None
19,None,None,Mozilla,None,Netscape,5.0 (Windows),None,None,None,None,1,None,None,None,None,None,None,06-02-26,06-02-26,10:41:02,None,None,None,slain ,21,1,0,0,0,0,0,None,None,None,None,None,L2_L1,1047011,3.9.8,None,None,None,Lextale,15511,None,None,None,j,None,1,None,a,r,y,j,None,n,n,n,None,816,1536,24,864,24,-7,-7,1536,None,15511,None,None,None,None,None,Win32,None,None,None,None,None
19,None,None,Mozilla,None,Netscape,5.0 (Windows),None,None,None,None,1,None,None,None,None,None,None,06-02-26,06-02-26,10:41:02,None,None,None,recipient,22,1,0,0,0,0,0,None,None,None,None,None,L2_L1,1047011,3.9.8,None,None,None,Lextale,15511,None,None,None,j,None,1,None,a,r,y,j,None,n,n,n,None,816,1536,24,864,24,-7,-7,1536,None,15511,None,None,None,None,None,Win32,None,None,None,None,None
19,None,None,Mozilla,None,Netscape,5.0 (Windows),None,None,None,None,1,None,None,None,None,None,None,06-02-26,06-02-26,10:41:02,None,None,None,exprate ,23,0,0,0,0,0,0,None,None,None,None,None,L2_L1,1047011,3.9.8,None,None,None,Lextale,15511,None,None,None,j,None,0,None,a,r,y,j,None,n,n,n,None,816,1536,24,864,24,-7,-7,1536,None,15511,None,None,None,None,None,Win32,None,None,None,None,None
19,None,None,Mozilla,None,Netscape,5.0 (Windows),None,None,None,None,1,None,None,None,None,None,None,06-02-26,06-02-26,10:41:02,None,None,None,eloquence,24,1,0,0,0,0,0,None,None,None,None,None,L2_L1,1047011,3.9.8,None,None,None,Lextale,15511,None,None,None,j,None,1,None,a,r,y,j,None,n,n,n,None,816,1536,24,864,24,-7,-7,1536,None,15511,None,None,None,None,None,Win32,None,None,None,None,None
19,None,None,Mozilla,None,Netscape,5.0 (Windows),None,None,None,None,1,None,None,None,None,None,None,06-02-26,06-02-26,10:41:02,None,None,None,cleanliness,25,1,0,0,0,0,0,None,None,None,None,None,L2_L1,1047011,3.9.8,None,None,None,Lextale,15511,None,None,None,j,None,1,None,a,r,y,j,None,n,n,n,None,816,1536,24,864,24,-7,-7,1536,None,15511,None,None,None,None,None,Win32,None,None,None,None,None
19,None,None,Mozilla,None,Netscape,5.0 (Windows),None,None,None,None,1,None,None,None,None,None,None,06-02-26,06-02-26,10:41:02,None,None,None,dispatch ,26,1,0,0,0,0,0,None,None,None,None,None,L2_L1,1047011,3.9.8,None,None,None,Lextale,15511,None,None,None,j,None,1,None,a,r,y,j,None,n,n,n,None,816,1536,24,864,24,-7,-7,1536,None,15511,None,None,None,None,None,Win32,None,None,None,None,None
19,None,None,Mozilla,None,Netscape,5.0 (Windows),None,None,None,None,1,None,None,None,None,None,None,06-02-26,06-02-26,10:41:02,None,None,None,rebondicate,27,0,0,0,0,0,0,None,None,None,None,None,L2_L1,1047011,3.9.8,None,None,None,Lextale,15511,None,None,None,j,None,0,None,a,r,y,j,None,n,n,n,None,816,1536,24,864,24,-7,-7,1536,None,15511,None,None,None,None,None,Win32,None,None,None,None,None
19,None,None,Mozilla,None,Netscape,5.0 (Windows),None,None,None,None,1,None,None,None,None,None,None,06-02-26,06-02-26,10:41:02,None,None,None,ingenious,28,1,0,0,0,0,0,None,None,None,None,None,L2_L1,1047011,3.9.8,None,None,None,Lextale,15511,None,None,None,j,None,1,None,a,r,y,j,None,n,n,n,None,816,1536,24,864,24,-7,-7,1536,None,15511,None,None,None,None,None,Win32,None,None,None,None,None
19,None,None,Mozilla,None,Netscape,5.0 (Windows),None,None,None,None,1,None,None,None,None,None,None,06-02-26,06-02-26,10:41:02,None,None,None,bewitch ,29,1,0,0,0,0,0,None,None,None,None,None,L2_L1,1047011,3.9.8,None,None,None,Lextale,15511,None,None,None,j,None,1,None,a,r,y,j,None,n,n,n,None,816,1536,24,864,24,-7,-7,1536,None,15511,None,None,None,None,None,Win32,None,None,None,None,None
19,None,None,Mozilla,None,Netscape,5.0 (Windows),None,None,None,None,1,None,None,None,None,None,None,06-02-26,06-02-26,10:41:02,None,None,None,skave,30,0,0,0,0,0,0,None,None,None,None,None,L2_L1,1047011,3.9.8,None,None,None,Lextale,15511,None,None,None,j,None,0,None,a,r,y,j,None,n,n,n,None,816,1536,24,864,24,-7,-7,1536,None,15511,None,None,None,None,None,Win32,None,None,None,None,None
19,None,None,Mozilla,None,Netscape,5.0 (Windows),None,None,None,None,0,None,None,None,None,None,None,06-02-26,06-02-26,10:41:02,None,None,None,plaintively,31,1,0,0,0,0,0,None,None,None,None,None,L2_L1,1047011,3.9.8,None,None,None,Lextale,15511,None,None,None,j,None,0,None,a,r,y,j,None,n,n,n,None,816,1536,24,864,24,-7,-7,1536,None,15511,None,None,None,None,None,Win32,None,None,None,None,None
19,None,None,Mozilla,None,Netscape,5.0 (Windows),None,None,None,None,1,None,None,None,None,None,None,06-02-26,06-02-26,10:41:02,None,None,None,kilp ,32,0,0,0,0,0,0,None,None,None,None,None,L2_L1,1047011,3.9.8,None,None,None,Lextale,15511,None,None,None,j,None,0,None,a,r,y,j,None,n,n,n,None,816,1536,24,864,24,-7,-7,1536,None,15511,None,None,None,None,None,Win32,None,None,None,None,None
19,None,None,Mozilla,None,Netscape,5.0 (Windows),None,None,None,None,0,None,None,None,None,None,None,06-02-26,06-02-26,10:41:02,None,None,None,interfate,33,0,0,0,0,0,0,None,None,None,None,None,L2_L1,1047011,3.9.8,None,None,None,Lextale,15511,None,None,None,j,None,1,None,a,r,y,j,None,n,n,n,None,816,1536,24,864,24,-7,-7,1536,None,15511,None,None,None,None,None,Win32,None,None,None,None,None
19,None,None,Mozilla,None,Netscape,5.0 (Windows),None,None,None,None,1,None,None,None,None,None,None,06-02-26,06-02-26,10:41:02,None,None,None,hasty ,34,1,0,0,0,0,0,None,None,None,None,None,L2_L1,1047011,3.9.8,None,None,None,Lextale,15511,None,None,None,j,None,1,None,a,r,y,j,None,n,n,n,None,816,1536,24,864,24,-7,-7,1536,None,15511,None,None,None,None,None,Win32,None,None,None,None,None
19,None,None,Mozilla,None,Netscape,5.0 (Windows),None,None,None,None,1,None,None,None,None,None,None,06-02-26,06-02-26,10:41:02,None,None,None,lengthy ,35,1,0,0,0,0,0,None,None,None,None,None,L2_L1,1047011,3.9.8,None,None,None,Lextale,15511,None,None,None,j,None,1,None,a,r,y,j,None,n,n,n,None,816,1536,24,864,24,-7,-7,1536,None,15511,None,None,None,None,None,Win32,None,None,None,None,None
19,None,None,Mozilla,None,Netscape,5.0 (Windows),None,None,None,None,1,None,None,None,None,None,None,06-02-26,06-02-26,10:41:02,None,None,None,fray,36,1,0,0,0,0,0,None,None,None,None,None,L2_L1,1047011,3.9.8,None,None,None,Lextale,15511,None,None,None,j,None,1,None,a,r,y,j,None,n,n,n,None,816,1536,24,864,24,-7,-7,1536,None,15511,None,None,None,None,None,Win32,None,None,None,None,None
19,None,None,Mozilla,None,Netscape,5.0 (Windows),None,None,None,None,0,None,None,None,None,None,None,06-02-26,06-02-26,10:41:02,None,None,None,crumper ,37,0,0,0,0,0,0,None,None,None,None,None,L2_L1,1047011,3.9.8,None,None,None,Lextale,15511,None,None,None,j,None,1,None,a,r,y,j,None,n,n,n,None,816,1536,24,864,24,-7,-7,1536,None,15511,None,None,None,None,None,Win32,None,None,None,None,None
19,None,None,Mozilla,None,Netscape,5.0 (Windows),None,None,None,None,1,None,None,None,None,None,None,06-02-26,06-02-26,10:41:02,None,None,None,upkeep,38,1,0,0,0,0,0,None,None,None,None,None,L2_L1,1047011,3.9.8,None,None,None,Lextale,15511,None,None,None,j,None,1,None,a,r,y,j,None,n,n,n,None,816,1536,24,864,24,-7,-7,1536,None,15511,None,None,None,None,None,Win32,None,None,None,None,None
19,None,None,Mozilla,None,Netscape,5.0 (Windows),None,None,None,None,1,None,None,None,None,None,None,06-02-26,06-02-26,10:41:02,None,None,None,majestic,39,1,0,0,0,0,0,None,None,None,None,None,L2_L1,1047011,3.9.8,None,None,None,Lextale,15511,None,None,None,j,None,1,None,a,r,y,j,None,n,n,n,None,816,1536,24,864,24,-7,-7,1536,None,15511,None,None,None,None,None,Win32,None,None,None,None,None
19,None,None,Mozilla,None,Netscape,5.0 (Windows),None,None,None,None,1,None,None,None,None,None,None,06-02-26,06-02-26,10:41:02,None,None,None,magrity,40,0,0,0,0,0,0,None,None,None,None,None,L2_L1,1047011,3.9.8,None,None,None,Lextale,15511,None,None,None,j,None,0,None,a,r,y,j,None,n,n,n,None,816,1536,24,864,24,-7,-7,1536,None,15511,None,None,None,None,None,Win32,None,None,None,None,None
19,None,None,Mozilla,None,Netscape,5.0 (Windows),None,None,None,None,1,None,None,None,None,None,None,06-02-26,06-02-26,10:41:02,None,None,None,nourishment,41,1,0,0,0,0,0,None,None,None,None,None,L2_L1,1047011,3.9.8,None,None,None,Lextale,15511,None,None,None,j,None,1,None,a,r,y,j,None,n,n,n,None,816,1536,24,864,24,-7,-7,1536,None,15511,None,None,None,None,None,Win32,None,None,None,None,None
19,None,None,Mozilla,None,Netscape,5.0 (Windows),None,None,None,None,1,None,None,None,None,None,None,06-02-26,06-02-26,10:41:02,None,None,None,abergy,42,0,0,0,0,0,0,None,None,None,None,None,L2_L1,1047011,3.9.8,None,None,None,Lextale,15511,None,None,None,j,None,0,None,a,r,y,j,None,n,n,n,None,816,1536,24,864,24,-7,-7,1536,None,15511,None,None,None,None,None,Win32,None,None,None,None,None
19,None,None,Mozilla,None,Netscape,5.0 (Windows),None,None,None,None,1,None,None,None,None,None,None,06-02-26,06-02-26,10:41:02,None,None,None,proom,43,0,0,0,0,0,0,None,None,None,None,None,L2_L1,1047011,3.9.8,None,None,None,Lextale,15511,None,None,None,j,None,0,None,a,r,y,j,None,n,n,n,None,816,1536,24,864,24,-7,-7,1536,None,15511,None,None,None,None,None,Win32,None,None,None,None,None
19,None,None,Mozilla,None,Netscape,5.0 (Windows),None,None,None,None,1,None,None,None,None,None,None,06-02-26,06-02-26,10:41:02,None,None,None,turmoil ,44,1,0,0,0,0,0,None,None,None,None,None,L2_L1,1047011,3.9.8,None,None,None,Lextale,15511,None,None,None,j,None,1,None,a,r,y,j,None,n,n,n,None,816,1536,24,864,24,-7,-7,1536,None,15511,None,None,None,None,None,Win32,None,None,None,None,None
19,None,None,Mozilla,None,Netscape,5.0 (Windows),None,None,None,None,1,None,None,None,None,None,None,06-02-26,06-02-26,10:41:02,None,None,None,carbohydrate,45,1,0,0,0,0,0,None,None,None,None,None,L2_L1,1047011,3.9.8,None,None,None,Lextale,15511,None,None,None,j,None,1,None,a,r,y,j,None,n,n,n,None,816,1536,24,864,24,-7,-7,1536,None,15511,None,None,None,None,None,Win32,None,None,None,None,None
19,None,None,Mozilla,None,Netscape,5.0 (Windows),None,None,None,None,1,None,None,None,None,None,None,06-02-26,06-02-26,10:41:02,None,None,None,scholar ,46,1,0,0,0,0,0,None,None,None,None,None,L2_L1,1047011,3.9.8,None,None,None,Lextale,15511,None,None,None,j,None,1,None,a,r,y,j,None,n,n,n,None,816,1536,24,864,24,-7,-7,1536,None,15511,None,None,None,None,None,Win32,None,None,None,None,None
19,None,None,Mozilla,None,Netscape,5.0 (Windows),None,None,None,None,1,None,None,None,None,None,None,06-02-26,06-02-26,10:41:02,None,None,None,turtle,47,1,0,0,0,0,0,None,None,None,None,None,L2_L1,1047011,3.9.8,None,None,None,Lextale,15511,None,None,None,j,None,1,None,a,r,y,j,None,n,n,n,None,816,1536,24,864,24,-7,-7,1536,None,15511,None,None,None,None,None,Win32,None,None,None,None,None
19,None,None,Mozilla,None,Netscape,5.0 (Windows),None,None,None,None,1,None,None,None,None,None,None,06-02-26,06-02-26,10:41:02,None,None,None,fellick ,48,0,0,0,0,0,0,None,None,None,None,None,L2_L1,1047011,3.9.8,None,None,None,Lextale,15511,None,None,None,j,None,0,None,a,r,y,j,None,n,n,n,None,816,1536,24,864,24,-7,-7,1536,None,15511,None,None,None,None,None,Win32,None,None,None,None,None
19,None,None,Mozilla,None,Netscape,5.0 (Windows),None,None,None,None,1,None,None,None,None,None,None,06-02-26,06-02-26,10:41:02,None,None,None,destription,49,0,0,0,0,0,0,None,None,None,None,None,L2_L1,1047011,3.9.8,None,None,None,Lextale,15511,None,None,None,j,None,0,None,a,r,y,j,None,n,n,n,None,816,1536,24,864,24,-7,-7,1536,None,15511,None,None,None,None,None,Win32,None,None,None,None,None
19,None,None,Mozilla,None,Netscape,5.0 (Windows),None,None,None,None,1,None,None,None,None,None,None,06-02-26,06-02-26,10:41:02,None,None,None,cylinder ,50,1,0,0,0,0,0,None,None,None,None,None,L2_L1,1047011,3.9.8,None,None,None,Lextale,15511,None,None,None,j,None,1,None,a,r,y,j,None,n,n,n,None,816,1536,24,864,24,-7,-7,1536,None,15511,None,None,None,None,None,Win32,None,None,None,None,None
19,None,None,Mozilla,None,Netscape,5.0 (Windows),None,None,None,None,1,None,None,None,None,None,None,06-02-26,06-02-26,10:41:02,None,None,None,censorship,51,1,0,0,0,0,0,None,None,None,None,None,L2_L1,1047011,3.9.8,None,None,None,Lextale,15511,None,None,None,j,None,1,None,a,r,y,j,None,n,n,n,None,816,1536,24,864,24,-7,-7,1536,None,15511,None,None,None,None,None,Win32,None,None,None,None,None
19,None,None,Mozilla,None,Netscape,5.0 (Windows),None,None,None,None,1,None,None,None,None,None,None,06-02-26,06-02-26,10:41:02,None,None,None,celestial,52,1,0,0,0,0,0,None,None,None,None,None,L2_L1,1047011,3.9.8,None,None,None,Lextale,15511,None,None,None,j,None,1,None,a,r,y,j,None,n,n,n,None,816,1536,24,864,24,-7,-7,1536,None,15511,None,None,None,None,None,Win32,None,None,None,None,None
19,None,None,Mozilla,None,Netscape,5.0 (Windows),None,None,None,None,1,None,None,None,None,None,None,06-02-26,06-02-26,10:41:02,None,None,None,rascal,53,1,0,0,0,0,0,None,None,None,None,None,L2_L1,1047011,3.9.8,None,None,None,Lextale,15511,None,None,None,j,None,1,None,a,r,y,j,None,n,n,n,None,816,1536,24,864,24,-7,-7,1536,None,15511,None,None,None,None,None,Win32,None,None,None,None,None
19,None,None,Mozilla,None,Netscape,5.0 (Windows),None,None,None,None,1,None,None,None,None,None,None,06-02-26,06-02-26,10:41:02,None,None,None,purrage ,54,0,0,0,0,0,0,None,None,None,None,None,L2_L1,1047011,3.9.8,None,None,None,Lextale,15511,None,None,None,j,None,0,None,a,r,y,j,None,n,n,n,None,816,1536,24,864,24,-7,-7,1536,None,15511,None,None,None,None,None,Win32,None,None,None,None,None
19,None,None,Mozilla,None,Netscape,5.0 (Windows),None,None,None,None,0,None,None,None,None,None,None,06-02-26,06-02-26,10:41:02,None,None,None,pulsh ,55,0,0,0,0,0,0,None,None,None,None,None,L2_L1,1047011,3.9.8,None,None,None,Lextale,15511,None,None,None,j,None,1,None,a,r,y,j,None,n,n,n,None,816,1536,24,864,24,-7,-7,1536,None,15511,None,None,None,None,None,Win32,None,None,None,None,None
19,None,None,Mozilla,None,Netscape,5.0 (Windows),None,None,None,None,1,None,None,None,None,None,None,06-02-26,06-02-26,10:41:02,None,None,None,muddy,56,1,0,0,0,0,0,None,None,None,None,None,L2_L1,1047011,3.9.8,None,None,None,Lextale,15511,None,None,None,j,None,1,None,a,r,y,j,None,n,n,n,None,816,1536,24,864,24,-7,-7,1536,None,15511,None,None,None,None,None,Win32,None,None,None,None,None
19,None,None,Mozilla,None,Netscape,5.0 (Windows),None,None,None,None,1,None,None,None,None,None,None,06-02-26,06-02-26,10:41:02,None,None,None,quirty ,57,0,0,0,0,0,0,None,None,None,None,None,L2_L1,1047011,3.9.8,None,None,None,Lextale,15511,None,None,None,j,None,0,None,a,r,y,j,None,n,n,n,None,816,1536,24,864,24,-7,-7,1536,None,15511,None,None,None,None,None,Win32,None,None,None,None,None
19,None,None,Mozilla,None,Netscape,5.0 (Windows),None,None,None,None,1,None,None,None,None,None,None,06-02-26,06-02-26,10:41:02,None,None,None,pudour,58,0,0,0,0,0,0,None,None,None,None,None,L2_L1,1047011,3.9.8,None,None,None,Lextale,15511,None,None,None,j,None,0,None,a,r,y,j,None,n,n,n,None,816,1536,24,864,24,-7,-7,1536,None,15511,None,None,None,None,None,Win32,None,None,None,None,None
19,None,None,Mozilla,None,Netscape,5.0 (Windows),None,None,None,None,1,None,None,None,None,None,None,06-02-26,06-02-26,10:41:02,None,None,None,listless,59,1,0,0,0,0,0,None,None,None,None,None,L2_L1,1047011,3.9.8,None,None,None,Lextale,15511,None,None,None,j,None,1,None,a,r,y,j,None,n,n,n,None,816,1536,24,864,24,-7,-7,1536,None,15511,None,None,None,None,None,Win32,None,None,None,None,None
19,None,None,Mozilla,None,Netscape,5.0 (Windows),None,None,None,None,0,None,None,None,None,None,None,06-02-26,06-02-26,10:41:02,None,None,None,wrought,60,1,0,0,0,0,0,None,None,None,None,None,L2_L1,1047011,3.9.8,None,None,None,Lextale,15511,None,None,None,j,None,0,None,a,r,y,j,None,n,n,n,None,816,1536,24,864,24,-7,-7,1536,None,15511,None,None,None,None,None,Win32,None,None,None,None,None
19,None,None,Mozilla,None,Netscape,5.0 (Windows),None,None,None,None,None,1,None,None,None,None,None,06-02-26,06-02-26,10:41:02,None,None,None,None,None,None,0,0,0,0,0,None,cheveux,0,1,None,L2_L1,1047011,3.9.8,None,None,None,Lextale,15511,None,None,None,j,None,None,1,a,r,y,j,None,n,n,n,None,816,1536,24,864,24,-7,-7,1536,None,15511,None,None,None,None,None,Win32,None,None,None,None,None
19,None,None,Mozilla,None,Netscape,5.0 (Windows),None,None,None,None,None,1,None,None,None,None,None,06-02-26,06-02-26,10:41:02,None,None,None,None,None,None,0,0,0,0,0,None,soumon,1,0,None,L2_L1,1047011,3.9.8,None,None,None,Lextale,15511,None,None,None,j,None,None,0,a,r,y,j,None,n,n,n,None,816,1536,24,864,24,-7,-7,1536,None,15511,None,None,None,None,None,Win32,None,None,None,None,None
19,None,None,Mozilla,None,Netscape,5.0 (Windows),None,None,None,None,None,0,None,None,None,None,None,06-02-26,06-02-26,10:41:02,None,None,None,None,None,None,0,0,0,0,0,None,cloche,2,1,None,L2_L1,1047011,3.9.8,None,None,None,Lextale,15511,None,None,None,j,None,None,0,a,r,y,j,None,n,n,n,None,816,1536,24,864,24,-7,-7,1536,None,15511,None,None,None,None,None,Win32,None,None,None,None,None
19,None,None,Mozilla,None,Netscape,5.0 (Windows),None,None,None,None,None,0,None,None,None,None,None,06-02-26,06-02-26,10:41:02,None,None,None,None,None,None,0,0,0,0,0,None,fascine,3,1,None,L2_L1,1047011,3.9.8,None,None,None,Lextale,15511,None,None,None,j,None,None,0,a,r,y,j,None,n,n,n,None,816,1536,24,864,24,-7,-7,1536,None,15511,None,None,None,None,None,Win32,None,None,None,None,None
19,None,None,Mozilla,None,Netscape,5.0 (Windows),None,None,None,None,None,0,None,None,None,None,None,06-02-26,06-02-26,10:41:02,None,None,None,None,None,None,0,0,0,0,0,None,huif,4,0,None,L2_L1,1047011,3.9.8,None,None,None,Lextale,15511,None,None,None,j,None,None,1,a,r,y,j,None,n,n,n,None,816,1536,24,864,24,-7,-7,1536,None,15511,None,None,None,None,None,Win32,None,None,None,None,None
19,None,None,Mozilla,None,Netscape,5.0 (Windows),None,None,None,None,None,0,None,None,None,None,None,06-02-26,06-02-26,10:41:02,None,None,None,None,None,None,0,0,0,0,0,None,semonce,5,1,None,L2_L1,1047011,3.9.8,None,None,None,Lextale,15511,None,None,None,j,None,None,0,a,r,y,j,None,n,n,n,None,816,1536,24,864,24,-7,-7,1536,None,15511,None,None,None,None,None,Win32,None,None,None,None,None
19,None,None,Mozilla,None,Netscape,5.0 (Windows),None,None,None,None,None,1,None,None,None,None,None,06-02-26,06-02-26,10:41:02,None,None,None,None,None,None,0,0,0,0,0,None,canoter,6,1,None,L2_L1,1047011,3.9.8,None,None,None,Lextale,15511,None,None,None,j,None,None,1,a,r,y,j,None,n,n,n,None,816,1536,24,864,24,-7,-7,1536,None,15511,None,None,None,None,None,Win32,None,None,None,None,None
19,None,None,Mozilla,None,Netscape,5.0 (Windows),None,None,None,None,None,1,None,None,None,None,None,06-02-26,06-02-26,10:41:02,None,None,None,None,None,None,0,0,0,0,0,None,infâme,7,1,None,L2_L1,1047011,3.9.8,None,None,None,Lextale,15511,None,None,None,j,None,None,1,a,r,y,j,None,n,n,n,None,816,1536,24,864,24,-7,-7,1536,None,15511,None,None,None,None,None,Win32,None,None,None,None,None
19,None,None,Mozilla,None,Netscape,5.0 (Windows),None,None,None,None,None,0,None,None,None,None,None,06-02-26,06-02-26,10:41:02,None,None,None,None,None,None,0,0,0,0,0,None,fourmi,8,1,None,L2_L1,1047011,3.9.8,None,None,None,Lextale,15511,None,None,None,j,None,None,0,a,r,y,j,None,n,n,n,None,816,1536,24,864,24,-7,-7,1536,None,15511,None,None,None,None,None,Win32,None,None,None,None,None
19,None,None,Mozilla,None,Netscape,5.0 (Windows),None,None,None,None,None,1,None,None,None,None,None,06-02-26,06-02-26,10:41:02,None,None,None,None,None,None,0,0,0,0,0,None,cadenas,9,1,None,L2_L1,1047011,3.9.8,None,None,None,Lextale,15511,None,None,None,j,None,None,1,a,r,y,j,None,n,n,n,None,816,1536,24,864,24,-7,-7,1536,None,15511,None,None,None,None,None,Win32,None,None,None,None,None
19,None,None,Mozilla,None,Netscape,5.0 (Windows),None,None,None,None,None,1,None,None,None,None,None,06-02-26,06-02-26,10:41:02,None,None,None,None,None,None,0,0,0,0,0,None,racaille,10,1,None,L2_L1,1047011,3.9.8,None,None,None,Lextale,15511,None,None,None,j,None,None,1,a,r,y,j,None,n,n,n,None,816,1536,24,864,24,-7,-7,1536,None,15511,None,None,None,None,None,Win32,None,None,None,None,None
19,None,None,Mozilla,None,Netscape,5.0 (Windows),None,None,None,None,None,0,None,None,None,None,None,06-02-26,06-02-26,10:41:02,None,None,None,None,None,None,0,0,0,0,0,None,pourcine,11,0,None,L2_L1,1047011,3.9.8,None,None,None,Lextale,15511,None,None,None,j,None,None,1,a,r,y,j,None,n,n,n,None,816,1536,24,864,24,-7,-7,1536,None,15511,None,None,None,None,None,Win32,None,None,None,None,None
19,None,None,Mozilla,None,Netscape,5.0 (Windows),None,None,None,None,None,1,None,None,None,None,None,06-02-26,06-02-26,10:41:02,None,None,None,None,None,None,0,0,0,0,0,None,œillet,12,1,None,L2_L1,1047011,3.9.8,None,None,None,Lextale,15511,None,None,None,j,None,None,1,a,r,y,j,None,n,n,n,None,816,1536,24,864,24,-7,-7,1536,None,15511,None,None,None,None,None,Win32,None,None,None,None,None
19,None,None,Mozilla,None,Netscape,5.0 (Windows),None,None,None,None,None,0,None,None,None,None,None,06-02-26,06-02-26,10:41:02,None,None,None,None,None,None,0,0,0,0,0,None,raplaner,13,0,None,L2_L1,1047011,3.9.8,None,None,None,Lextale,15511,None,None,None,j,None,None,1,a,r,y,j,None,n,n,n,None,816,1536,24,864,24,-7,-7,1536,None,15511,None,None,None,None,None,Win32,None,None,None,None,None
19,None,None,Mozilla,None,Netscape,5.0 (Windows),None,None,None,None,None,0,None,None,None,None,None,06-02-26,06-02-26,10:41:02,None,None,None,None,None,None,0,0,0,0,0,None,plaiser,14,0,None,L2_L1,1047011,3.9.8,None,None,None,Lextale,15511,None,None,None,j,None,None,1,a,r,y,j,None,n,n,n,None,816,1536,24,864,24,-7,-7,1536,None,15511,None,None,None,None,None,Win32,None,None,None,None,None
19,None,None,Mozilla,None,Netscape,5.0 (Windows),None,None,None,None,None,0,None,None,None,None,None,06-02-26,06-02-26,10:41:02,None,None,None,None,None,None,0,0,0,0,0,None,cerveler,15,0,None,L2_L1,1047011,3.9.8,None,None,None,Lextale,15511,None,None,None,j,None,None,1,a,r,y,j,None,n,n,n,None,816,1536,24,864,24,-7,-7,1536,None,15511,None,None,None,None,None,Win32,None,None,None,None,None
19,None,None,Mozilla,None,Netscape,5.0 (Windows),None,None,None,None,None,1,None,None,None,None,None,06-02-26,06-02-26,10:41:02,None,None,None,None,None,None,0,0,0,0,0,None,endifier,16,0,None,L2_L1,1047011,3.9.8,None,None,None,Lextale,15511,None,None,None,j,None,None,0,a,r,y,j,None,n,n,n,None,816,1536,24,864,24,-7,-7,1536,None,15511,None,None,None,None,None,Win32,None,None,None,None,None
19,None,None,Mozilla,None,Netscape,5.0 (Windows),None,None,None,None,None,0,None,None,None,None,None,06-02-26,06-02-26,10:41:02,None,None,None,None,None,None,0,0,0,0,0,None,jamain,17,0,None,L2_L1,1047011,3.9.8,None,None,None,Lextale,15511,None,None,None,j,None,None,1,a,r,y,j,None,n,n,n,None,816,1536,24,864,24,-7,-7,1536,None,15511,None,None,None,None,None,Win32,None,None,None,None,None
19,None,None,Mozilla,None,Netscape,5.0 (Windows),None,None,None,None,None,1,None,None,None,None,None,06-02-26,06-02-26,10:41:02,None,None,None,None,None,None,0,0,0,0,0,None,ennemi,18,1,None,L2_L1,1047011,3.9.8,None,None,None,Lextale,15511,None,None,None,j,None,None,1,a,r,y,j,None,n,n,n,None,816,1536,24,864,24,-7,-7,1536,None,15511,None,None,None,None,None,Win32,None,None,None,None,None
19,None,None,Mozilla,None,Netscape,5.0 (Windows),None,None,None,None,None,1,None,None,None,None,None,06-02-26,06-02-26,10:41:02,None,None,None,None,None,None,0,0,0,0,0,None,pouce,19,1,None,L2_L1,1047011,3.9.8,None,None,None,Lextale,15511,None,None,None,j,None,None,1,a,r,y,j,None,n,n,n,None,816,1536,24,864,24,-7,-7,1536,None,15511,None,None,None,None,None,Win32,None,None,None,None,None
19,None,None,Mozilla,None,Netscape,5.0 (Windows),None,None,None,None,None,0,None,None,None,None,None,06-02-26,06-02-26,10:41:02,None,None,None,None,None,None,0,0,0,0,0,None,metter,20,0,None,L2_L1,1047011,3.9.8,None,None,None,Lextale,15511,None,None,None,j,None,None,1,a,r,y,j,None,n,n,n,None,816,1536,24,864,24,-7,-7,1536,None,15511,None,None,None,None,None,Win32,None,None,None,None,None
19,None,None,Mozilla,None,Netscape,5.0 (Windows),None,None,None,None,None,1,None,None,None,None,None,06-02-26,06-02-26,10:41:02,None,None,None,None,None,None,0,0,0,0,0,None,fosse,21,1,None,L2_L1,1047011,3.9.8,None,None,None,Lextale,15511,None,None,None,j,None,None,1,a,r,y,j,None,n,n,n,None,816,1536,24,864,24,-7,-7,1536,None,15511,None,None,None,None,None,Win32,None,None,None,None,None
19,None,None,Mozilla,None,Netscape,5.0 (Windows),None,None,None,None,None,1,None,None,None,None,None,06-02-26,06-02-26,10:41:02,None,None,None,None,None,None,0,0,0,0,0,None,inciter,22,1,None,L2_L1,1047011,3.9.8,None,None,None,Lextale,15511,None,None,None,j,None,None,1,a,r,y,j,None,n,n,n,None,816,1536,24,864,24,-7,-7,1536,None,15511,None,None,None,None,None,Win32,None,None,None,None,None
19,None,None,Mozilla,None,Netscape,5.0 (Windows),None,None,None,None,None,1,None,None,None,None,None,06-02-26,06-02-26,10:41:02,None,None,None,None,None,None,0,0,0,0,0,None,salière,23,1,None,L2_L1,1047011,3.9.8,None,None,None,Lextale,15511,None,None,None,j,None,None,1,a,r,y,j,None,n,n,n,None,816,1536,24,864,24,-7,-7,1536,None,15511,None,None,None,None,None,Win32,None,None,None,None,None
19,None,None,Mozilla,None,Netscape,5.0 (Windows),None,None,None,None,None,1,None,None,None,None,None,06-02-26,06-02-26,10:41:02,None,None,None,None,None,None,0,0,0,0,0,None,fouet,24,1,None,L2_L1,1047011,3.9.8,None,None,None,Lextale,15511,None,None,None,j,None,None,1,a,r,y,j,None,n,n,n,None,816,1536,24,864,24,-7,-7,1536,None,15511,None,None,None,None,None,Win32,None,None,None,None,None
19,None,None,Mozilla,None,Netscape,5.0 (Windows),None,None,None,None,None,1,None,None,None,None,None,06-02-26,06-02-26,10:41:02,None,None,None,None,None,None,0,0,0,0,0,None,cessure,25,0,None,L2_L1,1047011,3.9.8,None,None,None,Lextale,15511,None,None,None,j,None,None,0,a,r,y,j,None,n,n,n,None,816,1536,24,864,24,-7,-7,1536,None,15511,None,None,None,None,None,Win32,None,None,None,None,None
19,None,None,Mozilla,None,Netscape,5.0 (Windows),None,None,None,None,None,0,None,None,None,None,None,06-02-26,06-02-26,10:41:02,None,None,None,None,None,None,0,0,0,0,0,None,clouer,26,1,None,L2_L1,1047011,3.9.8,None,None,None,Lextale,15511,None,None,None,j,None,None,0,a,r,y,j,None,n,n,n,None,816,1536,24,864,24,-7,-7,1536,None,15511,None,None,None,None,None,Win32,None,None,None,None,None
19,None,None,Mozilla,None,Netscape,5.0 (Windows),None,None,None,None,None,0,None,None,None,None,None,06-02-26,06-02-26,10:41:02,None,None,None,None,None,None,0,0,0,0,0,None,mappemonde,27,1,None,L2_L1,1047011,3.9.8,None,None,None,Lextale,15511,None,None,None,j,None,None,0,a,r,y,j,None,n,n,n,None,816,1536,24,864,24,-7,-7,1536,None,15511,None,None,None,None,None,Win32,None,None,None,None,None
19,None,None,Mozilla,None,Netscape,5.0 (Windows),None,None,None,None,None,0,None,None,None,None,None,06-02-26,06-02-26,10:41:02,None,None,None,None,None,None,0,0,0,0,0,None,gloque,28,0,None,L2_L1,1047011,3.9.8,None,None,None,Lextale,15511,None,None,None,j,None,None,1,a,r,y,j,None,n,n,n,None,816,1536,24,864,24,-7,-7,1536,None,15511,None,None,None,None,None,Win32,None,None,None,None,None
19,None,None,Mozilla,None,Netscape,5.0 (Windows),None,None,None,None,None,1,None,None,None,None,None,06-02-26,06-02-26,10:41:02,None,None,None,None,None,None,0,0,0,0,0,None,lézard,29,1,None,L2_L1,1047011,3.9.8,None,None,None,Lextale,15511,None,None,None,j,None,None,1,a,r,y,j,None,n,n,n,None,816,1536,24,864,24,-7,-7,1536,None,15511,None,None,None,None,None,Win32,None,None,None,None,None
19,None,None,Mozilla,None,Netscape,5.0 (Windows),None,None,None,None,None,0,None,None,None,None,None,06-02-26,06-02-26,10:41:02,None,None,None,None,None,None,0,0,0,0,0,None,sacher,30,0,None,L2_L1,1047011,3.9.8,None,None,None,Lextale,15511,None,None,None,j,None,None,1,a,r,y,j,None,n,n,n,None,816,1536,24,864,24,-7,-7,1536,None,15511,None,None,None,None,None,Win32,None,None,None,None,None
19,None,None,Mozilla,None,Netscape,5.0 (Windows),None,None,None,None,None,1,None,None,None,None,None,06-02-26,06-02-26,10:41:02,None,None,None,None,None,None,0,0,0,0,0,None,nouer,31,1,None,L2_L1,1047011,3.9.8,None,None,None,Lextale,15511,None,None,None,j,None,None,1,a,r,y,j,None,n,n,n,None,816,1536,24,864,24,-7,-7,1536,None,15511,None,None,None,None,None,Win32,None,None,None,None,None
19,None,None,Mozilla,None,Netscape,5.0 (Windows),None,None,None,None,None,1,None,None,None,None,None,06-02-26,06-02-26,10:41:02,None,None,None,None,None,None,0,0,0,0,0,None,occire,32,1,None,L2_L1,1047011,3.9.8,None,None,None,Lextale,15511,None,None,None,j,None,None,1,a,r,y,j,None,n,n,n,None,816,1536,24,864,24,-7,-7,1536,None,15511,None,None,None,None,None,Win32,None,None,None,None,None
19,None,None,Mozilla,None,Netscape,5.0 (Windows),None,None,None,None,None,0,None,None,None,None,None,06-02-26,06-02-26,10:41:02,None,None,None,None,None,None,0,0,0,0,0,None,écouce,33,0,None,L2_L1,1047011,3.9.8,None,None,None,Lextale,15511,None,None,None,j,None,None,1,a,r,y,j,None,n,n,n,None,816,1536,24,864,24,-7,-7,1536,None,15511,None,None,None,None,None,Win32,None,None,None,None,None
19,None,None,Mozilla,None,Netscape,5.0 (Windows),None,None,None,None,None,0,None,None,None,None,None,06-02-26,06-02-26,10:41:02,None,None,None,None,None,None,0,0,0,0,0,None,osseaux,34,0,None,L2_L1,1047011,3.9.8,None,None,None,Lextale,15511,None,None,None,j,None,None,1,a,r,y,j,None,n,n,n,None,816,1536,24,864,24,-7,-7,1536,None,15511,None,None,None,None,None,Win32,None,None,None,None,None
19,None,None,Mozilla,None,Netscape,5.0 (Windows),None,None,None,None,None,0,None,None,None,None,None,06-02-26,06-02-26,10:41:02,None,None,None,None,None,None,0,0,0,0,0,None,rejoute,35,0,None,L2_L1,1047011,3.9.8,None,None,None,Lextale,15511,None,None,None,j,None,None,1,a,r,y,j,None,n,n,n,None,816,1536,24,864,24,-7,-7,1536,None,15511,None,None,None,None,None,Win32,None,None,None,None,None
19,None,None,Mozilla,None,Netscape,5.0 (Windows),None,None,None,None,None,0,None,None,None,None,None,06-02-26,06-02-26,10:41:02,None,None,None,None,None,None,0,0,0,0,0,None,escroc,36,1,None,L2_L1,1047011,3.9.8,None,None,None,Lextale,15511,None,None,None,j,None,None,0,a,r,y,j,None,n,n,n,None,816,1536,24,864,24,-7,-7,1536,None,15511,None,None,None,None,None,Win32,None,None,None,None,None
19,None,None,Mozilla,None,Netscape,5.0 (Windows),None,None,None,None,None,1,None,None,None,None,None,06-02-26,06-02-26,10:41:02,None,None,None,None,None,None,0,0,0,0,0,None,hache,37,1,None,L2_L1,1047011,3.9.8,None,None,None,Lextale,15511,None,None,None,j,None,None,1,a,r,y,j,None,n,n,n,None,816,1536,24,864,24,-7,-7,1536,None,15511,None,None,None,None,None,Win32,None,None,None,None,None
19,None,None,Mozilla,None,Netscape,5.0 (Windows),None,None,None,None,None,0,None,None,None,None,None,06-02-26,06-02-26,10:41:02,None,None,None,None,None,None,0,0,0,0,0,None,parchance,38,0,None,L2_L1,1047011,3.9.8,None,None,None,Lextale,15511,None,None,None,j,None,None,1,a,r,y,j,None,n,n,n,None,816,1536,24,864,24,-7,-7,1536,None,15511,None,None,None,None,None,Win32,None,None,None,None,None
19,None,None,Mozilla,None,Netscape,5.0 (Windows),None,None,None,None,None,1,None,None,None,None,None,06-02-26,06-02-26,10:41:02,None,None,None,None,None,None,0,0,0,0,0,None,pinceau,39,1,None,L2_L1,1047011,3.9.8,None,None,None,Lextale,15511,None,None,None,j,None,None,1,a,r,y,j,None,n,n,n,None,816,1536,24,864,24,-7,-7,1536,None,15511,None,None,None,None,None,Win32,None,None,None,None,None
19,None,None,Mozilla,None,Netscape,5.0 (Windows),None,None,None,None,None,1,None,None,None,None,None,06-02-26,06-02-26,10:41:02,None,None,None,None,None,None,0,0,0,0,0,None,poisson,40,1,None,L2_L1,1047011,3.9.8,None,None,None,Lextale,15511,None,None,None,j,None,None,1,a,r,y,j,None,n,n,n,None,816,1536,24,864,24,-7,-7,1536,None,15511,None,None,None,None,None,Win32,None,None,None,None,None
19,None,None,Mozilla,None,Netscape,5.0 (Windows),None,None,None,None,None,0,None,None,None,None,None,06-02-26,06-02-26,10:41:02,None,None,None,None,None,None,0,0,0,0,0,None,robinet,41,1,None,L2_L1,1047011,3.9.8,None,None,None,Lextale,15511,None,None,None,j,None,None,0,a,r,y,j,None,n,n,n,None,816,1536,24,864,24,-7,-7,1536,None,15511,None,None,None,None,None,Win32,None,None,None,None,None
19,None,None,Mozilla,None,Netscape,5.0 (Windows),None,None,None,None,None,0,None,None,None,None,None,06-02-26,06-02-26,10:41:02,None,None,None,None,None,None,0,0,0,0,0,None,amadouer,42,1,None,L2_L1,1047011,3.9.8,None,None,None,Lextale,15511,None,None,None,j,None,None,0,a,r,y,j,None,n,n,n,None,816,1536,24,864,24,-7,-7,1536,None,15511,None,None,None,None,None,Win32,None,None,None,None,None
19,None,None,Mozilla,None,Netscape,5.0 (Windows),None,None,None,None,None,1,None,None,None,None,None,06-02-26,06-02-26,10:41:02,None,None,None,None,None,None,0,0,0,0,0,None,peigne,43,1,None,L2_L1,1047011,3.9.8,None,None,None,Lextale,15511,None,None,None,j,None,None,1,a,r,y,j,None,n,n,n,None,816,1536,24,864,24,-7,-7,1536,None,15511,None,None,None,None,None,Win32,None,None,None,None,None
19,None,None,Mozilla,None,Netscape,5.0 (Windows),None,None,None,None,None,0,None,None,None,None,None,06-02-26,06-02-26,10:41:02,None,None,None,None,None,None,0,0,0,0,0,None,retruire,44,0,None,L2_L1,1047011,3.9.8,None,None,None,Lextale,15511,None,None,None,j,None,None,1,a,r,y,j,None,n,n,n,None,816,1536,24,864,24,-7,-7,1536,None,15511,None,None,None,None,None,Win32,None,None,None,None,None
19,None,None,Mozilla,None,Netscape,5.0 (Windows),None,None,None,None,None,1,None,None,None,None,None,06-02-26,06-02-26,10:41:02,None,None,None,None,None,None,0,0,0,0,0,None,crayon,45,1,None,L2_L1,1047011,3.9.8,None,None,None,Lextale,15511,None,None,None,j,None,None,1,a,r,y,j,None,n,n,n,None,816,1536,24,864,24,-7,-7,1536,None,15511,None,None,None,None,None,Win32,None,None,None,None,None
19,None,None,Mozilla,None,Netscape,5.0 (Windows),None,None,None,None,None,0,None,None,None,None,None,06-02-26,06-02-26,10:41:02,None,None,None,None,None,None,0,0,0,0,0,None,sentuelle,46,0,None,L2_L1,1047011,3.9.8,None,None,None,Lextale,15511,None,None,None,j,None,None,1,a,r,y,j,None,n,n,n,None,816,1536,24,864,24,-7,-7,1536,None,15511,None,None,None,None,None,Win32,None,None,None,None,None
19,None,None,Mozilla,None,Netscape,5.0 (Windows),None,None,None,None,None,0,None,None,None,None,None,06-02-26,06-02-26,10:41:02,None,None,None,None,None,None,0,0,0,0,0,None,alourdir,47,1,None,L2_L1,1047011,3.9.8,None,None,None,Lextale,15511,None,None,None,j,None,None,0,a,r,y,j,None,n,n,n,None,816,1536,24,864,24,-7,-7,1536,None,15511,None,None,None,None,None,Win32,None,None,None,None,None
19,None,None,Mozilla,None,Netscape,5.0 (Windows),None,None,None,None,None,0,None,None,None,None,None,06-02-26,06-02-26,10:41:02,None,None,None,None,None,None,0,0,0,0,0,None,marteau,48,1,None,L2_L1,1047011,3.9.8,None,None,None,Lextale,15511,None,None,None,j,None,None,0,a,r,y,j,None,n,n,n,None,816,1536,24,864,24,-7,-7,1536,None,15511,None,None,None,None,None,Win32,None,None,None,None,None
19,None,None,Mozilla,None,Netscape,5.0 (Windows),None,None,None,None,None,0,None,None,None,None,None,06-02-26,06-02-26,10:41:02,None,None,None,None,None,None,0,0,0,0,0,None,esquif,49,1,None,L2_L1,1047011,3.9.8,None,None,None,Lextale,15511,None,None,None,j,None,None,0,a,r,y,j,None,n,n,n,None,816,1536,24,864,24,-7,-7,1536,None,15511,None,None,None,None,None,Win32,None,None,None,None,None
19,None,None,Mozilla,None,Netscape,5.0 (Windows),None,None,None,None,None,0,None,None,None,None,None,06-02-26,06-02-26,10:41:02,None,None,None,None,None,None,0,0,0,0,0,None,treillage,50,1,None,L2_L1,1047011,3.9.8,None,None,None,Lextale,15511,None,None,None,j,None,None,0,a,r,y,j,None,n,n,n,None,816,1536,24,864,24,-7,-7,1536,None,15511,None,None,None,None,None,Win32,None,None,None,None,None
19,None,None,Mozilla,None,Netscape,5.0 (Windows),None,None,None,None,None,1,None,None,None,None,None,06-02-26,06-02-26,10:41:02,None,None,None,None,None,None,0,0,0,0,0,None,dauphin,51,1,None,L2_L1,1047011,3.9.8,None,None,None,Lextale,15511,None,None,None,j,None,None,1,a,r,y,j,None,n,n,n,None,816,1536,24,864,24,-7,-7,1536,None,15511,None,None,None,None,None,Win32,None,None,None,None,None
19,None,None,Mozilla,None,Netscape,5.0 (Windows),None,None,None,None,None,1,None,None,None,None,None,06-02-26,06-02-26,10:41:02,None,None,None,None,None,None,0,0,0,0,0,None,orgueil,52,1,None,L2_L1,1047011,3.9.8,None,None,None,Lextale,15511,None,None,None,j,None,None,1,a,r,y,j,None,n,n,n,None,816,1536,24,864,24,-7,-7,1536,None,15511,None,None,None,None,None,Win32,None,None,None,None,None
19,None,None,Mozilla,None,Netscape,5.0 (Windows),None,None,None,None,None,0,None,None,None,None,None,06-02-26,06-02-26,10:41:02,None,None,None,None,None,None,0,0,0,0,0,None,amorce,53,1,None,L2_L1,1047011,3.9.8,None,None,None,Lextale,15511,None,None,None,j,None,None,0,a,r,y,j,None,n,n,n,None,816,1536,24,864,24,-7,-7,1536,None,15511,None,None,None,None,None,Win32,None,None,None,None,None
19,None,None,Mozilla,None,Netscape,5.0 (Windows),None,None,None,None,None,0,None,None,None,None,None,06-02-26,06-02-26,10:41:02,None,None,None,None,None,None,0,0,0,0,0,None,cintre,54,1,None,L2_L1,1047011,3.9.8,None,None,None,Lextale,15511,None,None,None,j,None,None,0,a,r,y,j,None,n,n,n,None,816,1536,24,864,24,-7,-7,1536,None,15511,None,None,None,None,None,Win32,None,None,None,None,None
19,None,None,Mozilla,None,Netscape,5.0 (Windows),None,None,None,None,None,0,None,None,None,None,None,06-02-26,06-02-26,10:41:02,None,None,None,None,None,None,0,0,0,0,0,None,chameau,55,1,None,L2_L1,1047011,3.9.8,None,None,None,Lextale,15511,None,None,None,j,None,None,0,a,r,y,j,None,n,n,n,None,816,1536,24,864,24,-7,-7,1536,None,15511,None,None,None,None,None,Win32,None,None,None,None,None
19,None,None,Mozilla,None,Netscape,5.0 (Windows),None,None,None,None,None,1,None,None,None,None,None,06-02-26,06-02-26,10:41:02,None,None,None,None,None,None,0,0,0,0,0,None,bouton,56,1,None,L2_L1,1047011,3.9.8,None,None,None,Lextale,15511,None,None,None,j,None,None,1,a,r,y,j,None,n,n,n,None,816,1536,24,864,24,-7,-7,1536,None,15511,None,None,None,None,None,Win32,None,None,None,None,None
19,None,None,Mozilla,None,Netscape,5.0 (Windows),None,None,None,None,None,1,None,None,None,None,None,06-02-26,06-02-26,10:41:02,None,None,None,None,None,None,0,0,0,0,0,None,capeline,57,1,None,L2_L1,1047011,3.9.8,None,None,None,Lextale,15511,None,None,None,j,None,None,1,a,r,y,j,None,n,n,n,None,816,1536,24,864,24,-7,-7,1536,None,15511,None,None,None,None,None,Win32,None,None,None,None,None
19,None,None,Mozilla,None,Netscape,5.0 (Windows),None,None,None,None,None,0,None,None,None,None,None,06-02-26,06-02-26,10:41:02,None,None,None,None,None,None,0,0,0,0,0,None,lanière,58,1,None,L2_L1,1047011,3.9.8,None,None,None,Lextale,15511,None,None,None,j,None,None,0,a,r,y,j,None,n,n,n,None,816,1536,24,864,24,-7,-7,1536,None,15511,None,None,None,None,None,Win32,None,None,None,None,None
19,None,None,Mozilla,None,Netscape,5.0 (Windows),None,None,None,None,None,1,None,None,None,None,None,06-02-26,06-02-26,10:41:02,None,None,None,None,None,None,0,0,0,0,0,None,honteur,59,0,None,L2_L1,1047011,3.9.8,None,None,None,Lextale,15511,None,None,None,j,None,None,0,a,r,y,j,None,n,n,n,None,816,1536,24,864,24,-7,-7,1536,None,15511,None,None,None,None,None,Win32,None,None,None,None,None
19,None,None,Mozilla,None,Netscape,5.0 (Windows),None,None,None,None,None,0,None,None,None,None,None,06-02-26,06-02-26,10:41:02,None,None,None,None,None,None,0,0,0,0,0,None,abêtir,60,1,None,L2_L1,1047011,3.9.8,None,None,None,Lextale,15511,None,None,None,j,None,None,0,a,r,y,j,None,n,n,n,None,816,1536,24,864,24,-7,-7,1536,None,15511,None,None,None,None,None,Win32,None,None,None,None,None
19,None,None,Mozilla,None,Netscape,5.0 (Windows),None,None,None,None,None,1,None,None,None,None,None,06-02-26,06-02-26,10:41:02,None,None,None,None,None,None,0,0,0,0,0,None,fenêtre,61,1,None,L2_L1,1047011,3.9.8,None,None,None,Lextale,15511,None,None,None,j,None,None,1,a,r,y,j,None,n,n,n,None,816,1536,24,864,24,-7,-7,1536,None,15511,None,None,None,None,None,Win32,None,None,None,None,None
19,None,None,Mozilla,None,Netscape,5.0 (Windows),None,None,None,None,None,1,None,None,None,None,None,06-02-26,06-02-26,10:41:02,None,None,None,None,None,None,0,0,0,0,0,None,écureuil,62,1,None,L2_L1,1047011,3.9.8,None,None,None,Lextale,15511,None,None,None,j,None,None,1,a,r,y,j,None,n,n,n,None,816,1536,24,864,24,-7,-7,1536,None,15511,None,None,None,None,None,Win32,None,None,None,None,None
19,None,None,Mozilla,None,Netscape,5.0 (Windows),None,None,None,None,None,0,None,None,None,None,None,06-02-26,06-02-26,10:41:02,None,None,None,None,None,None,0,0,0,0,0,None,caddie,63,1,None,L2_L1,1047011,3.9.8,None,None,None,Lextale,15511,None,None,None,j,None,None,0,a,r,y,j,None,n,n,n,None,816,1536,24,864,24,-7,-7,1536,None,15511,None,None,None,None,None,Win32,None,None,None,None,None
19,None,None,Mozilla,None,Netscape,5.0 (Windows),None,None,None,None,None,1,None,None,None,None,None,06-02-26,06-02-26,10:41:02,None,None,None,None,None,None,0,0,0,0,0,None,détume,64,0,None,L2_L1,1047011,3.9.8,None,None,None,Lextale,15511,None,None,None,j,None,None,0,a,r,y,j,None,n,n,n,None,816,1536,24,864,24,-7,-7,1536,None,15511,None,None,None,None,None,Win32,None,None,None,None,None
19,None,None,Mozilla,None,Netscape,5.0 (Windows),None,None,None,None,None,1,None,None,None,None,None,06-02-26,06-02-26,10:41:02,None,None,None,None,None,None,0,0,0,0,0,None,oeuiller,65,0,None,L2_L1,1047011,3.9.8,None,None,None,Lextale,15511,None,None,None,j,None,None,0,a,r,y,j,None,n,n,n,None,816,1536,24,864,24,-7,-7,1536,None,15511,None,None,None,None,None,Win32,None,None,None,None,None
19,None,None,Mozilla,None,Netscape,5.0 (Windows),None,None,None,None,None,0,None,None,None,None,None,06-02-26,06-02-26,10:41:02,None,None,None,None,None,None,0,0,0,0,0,None,balai,66,1,None,L2_L1,1047011,3.9.8,None,None,None,Lextale,15511,None,None,None,j,None,None,0,a,r,y,j,None,n,n,n,None,816,1536,24,864,24,-7,-7,1536,None,15511,None,None,None,None,None,Win32,None,None,None,None,None
19,None,None,Mozilla,None,Netscape,5.0 (Windows),None,None,None,None,None,1,None,None,None,None,None,06-02-26,06-02-26,10:41:02,None,None,None,None,None,None,0,0,0,0,0,None,prioche,67,0,None,L2_L1,1047011,3.9.8,None,None,None,Lextale,15511,None,None,None,j,None,None,0,a,r,y,j,None,n,n,n,None,816,1536,24,864,24,-7,-7,1536,None,15511,None,None,None,None,None,Win32,None,None,None,None,None
19,None,None,Mozilla,None,Netscape,5.0 (Windows),None,None,None,None,None,0,None,None,None,None,None,06-02-26,06-02-26,10:41:02,None,None,None,None,None,None,0,0,0,0,0,None,vicelard,68,1,None,L2_L1,1047011,3.9.8,None,None,None,Lextale,15511,None,None,None,j,None,None,0,a,r,y,j,None,n,n,n,None,816,1536,24,864,24,-7,-7,1536,None,15511,None,None,None,None,None,Win32,None,None,None,None,None
19,None,None,Mozilla,None,Netscape,5.0 (Windows),None,None,None,None,None,0,None,None,None,None,None,06-02-26,06-02-26,10:41:02,None,None,None,None,None,None,0,0,0,0,0,None,joueux,69,0,None,L2_L1,1047011,3.9.8,None,None,None,Lextale,15511,None,None,None,j,None,None,1,a,r,y,j,None,n,n,n,None,816,1536,24,864,24,-7,-7,1536,None,15511,None,None,None,None,None,Win32,None,None,None,None,None
19,None,None,Mozilla,None,Netscape,5.0 (Windows),None,None,None,None,None,0,None,None,None,None,None,06-02-26,06-02-26,10:41:02,None,None,None,None,None,None,0,0,0,0,0,None,agire,70,0,None,L2_L1,1047011,3.9.8,None,None,None,Lextale,15511,None,None,None,j,None,None,1,a,r,y,j,None,n,n,n,None,816,1536,24,864,24,-7,-7,1536,None,15511,None,None,None,None,None,Win32,None,None,None,None,None
19,None,None,Mozilla,None,Netscape,5.0 (Windows),None,None,None,None,None,0,None,None,None,None,None,06-02-26,06-02-26,10:41:02,None,None,None,None,None,None,0,0,0,0,0,None,éventail,71,1,None,L2_L1,1047011,3.9.8,None,None,None,Lextale,15511,None,None,None,j,None,None,0,a,r,y,j,None,n,n,n,None,816,1536,24,864,24,-7,-7,1536,None,15511,None,None,None,None,None,Win32,None,None,None,None,None
19,None,None,Mozilla,None,Netscape,5.0 (Windows),None,None,None,None,None,1,None,None,None,None,None,06-02-26,06-02-26,10:41:02,None,None,None,None,None,None,0,0,0,0,0,None,boutard,72,0,None,L2_L1,1047011,3.9.8,None,None,None,Lextale,15511,None,None,None,j,None,None,0,a,r,y,j,None,n,n,n,None,816,1536,24,864,24,-7,-7,1536,None,15511,None,None,None,None,None,Win32,None,None,None,None,None
19,None,None,Mozilla,None,Netscape,5.0 (Windows),None,None,None,None,None,0,None,None,None,None,None,06-02-26,06-02-26,10:41:02,None,None,None,None,None,None,0,0,0,0,0,None,panier,73,1,None,L2_L1,1047011,3.9.8,None,None,None,Lextale,15511,None,None,None,j,None,None,0,a,r,y,j,None,n,n,n,None,816,1536,24,864,24,-7,-7,1536,None,15511,None,None,None,None,None,Win32,None,None,None,None,None
19,None,None,Mozilla,None,Netscape,5.0 (Windows),None,None,None,None,None,1,None,None,None,None,None,06-02-26,06-02-26,10:41:02,None,None,None,None,None,None,0,0,0,0,0,None,citrouille,74,1,None,L2_L1,1047011,3.9.8,None,None,None,Lextale,15511,None,None,None,j,None,None,1,a,r,y,j,None,n,n,n,None,816,1536,24,864,24,-7,-7,1536,None,15511,None,None,None,None,None,Win32,None,None,None,None,None
19,None,None,Mozilla,None,Netscape,5.0 (Windows),None,None,None,None,None,1,None,None,None,None,None,06-02-26,06-02-26,10:41:02,None,None,None,None,None,None,0,0,0,0,0,None,bouilloire,75,1,None,L2_L1,1047011,3.9.8,None,None,None,Lextale,15511,None,None,None,j,None,None,1,a,r,y,j,None,n,n,n,None,816,1536,24,864,24,-7,-7,1536,None,15511,None,None,None,None,None,Win32,None,None,None,None,None
19,None,None,Mozilla,None,Netscape,5.0 (Windows),None,None,None,None,None,0,None,None,None,None,None,06-02-26,06-02-26,10:41:02,None,None,None,None,None,None,0,0,0,0,0,None,parir,76,0,None,L2_L1,1047011,3.9.8,None,None,None,Lextale,15511,None,None,None,j,None,None,1,a,r,y,j,None,n,n,n,None,816,1536,24,864,24,-7,-7,1536,None,15511,None,None,None,None,None,Win32,None,None,None,None,None
19,None,None,Mozilla,None,Netscape,5.0 (Windows),None,None,None,None,None,1,None,None,None,None,None,06-02-26,06-02-26,10:41:02,None,None,None,None,None,None,0,0,0,0,0,None,remporter,77,1,None,L2_L1,1047011,3.9.8,None,None,None,Lextale,15511,None,None,None,j,None,None,1,a,r,y,j,None,n,n,n,None,816,1536,24,864,24,-7,-7,1536,None,15511,None,None,None,None,None,Win32,None,None,None,None,None
19,None,None,Mozilla,None,Netscape,5.0 (Windows),None,None,None,None,None,1,None,None,None,None,None,06-02-26,06-02-26,10:41:02,None,None,None,None,None,None,0,0,0,0,0,None,procoreux,78,0,None,L2_L1,1047011,3.9.8,None,None,None,Lextale,15511,None,None,None,j,None,None,0,a,r,y,j,None,n,n,n,None,816,1536,24,864,24,-7,-7,1536,None,15511,None,None,None,None,None,Win32,None,None,None,None,None
19,None,None,Mozilla,None,Netscape,5.0 (Windows),None,None,None,None,None,0,None,None,None,None,None,06-02-26,06-02-26,10:41:02,None,None,None,None,None,None,0,0,0,0,0,None,tanin,79,1,None,L2_L1,1047011,3.9.8,None,None,None,Lextale,15511,None,None,None,j,None,None,0,a,r,y,j,None,n,n,n,None,816,1536,24,864,24,-7,-7,1536,None,15511,None,None,None,None,None,Win32,None,None,None,None,None
19,None,None,Mozilla,None,Netscape,5.0 (Windows),None,None,None,None,None,1,None,None,None,None,None,06-02-26,06-02-26,10:41:02,None,None,None,None,None,None,0,0,0,0,0,None,église,80,1,None,L2_L1,1047011,3.9.8,None,None,None,Lextale,15511,None,None,None,j,None,None,1,a,r,y,j,None,n,n,n,None,816,1536,24,864,24,-7,-7,1536,None,15511,None,None,None,None,None,Win32,None,None,None,None,None
19,None,None,Mozilla,None,Netscape,5.0 (Windows),None,None,None,None,None,1,None,None,None,None,None,06-02-26,06-02-26,10:41:02,None,None,None,None,None,None,0,0,0,0,0,None,indicible,81,1,None,L2_L1,1047011,3.9.8,None,None,None,Lextale,15511,None,None,None,j,None,None,1,a,r,y,j,None,n,n,n,None,816,1536,24,864,24,-7,-7,1536,None,15511,None,None,None,None,None,Win32,None,None,None,None,None
19,None,None,Mozilla,None,Netscape,5.0 (Windows),None,None,None,None,None,1,None,None,None,None,None,06-02-26,06-02-26,10:41:02,None,None,None,None,None,None,0,0,0,0,0,None,réporce,82,0,None,L2_L1,1047011,3.9.8,None,None,None,Lextale,15511,None,None,None,j,None,None,0,a,r,y,j,None,n,n,n,None,816,1536,24,864,24,-7,-7,1536,None,15511,None,None,None,None,None,Win32,None,None,None,None,None
19,None,None,Mozilla,None,Netscape,5.0 (Windows),None,None,None,None,None,1,None,None,None,None,None,06-02-26,06-02-26,10:41:02,None,None,None,None,None,None,0,0,0,0,0,None,mignon,83,1,None,L2_L1,1047011,3.9.8,None,None,None,Lextale,15511,None,None,None,j,None,None,1,a,r,y,j,None,n,n,n,None,816,1536,24,864,24,-7,-7,1536,None,15511,None,None,None,None,None,Win32,None,None,None,None,None
19,E.  Buxton,1,Mozilla,None,Netscape,5.0 (Windows),NON,None,1,None,None,None,None,0,None,None,None,06-02-26,06-02-26,10:41:02,None,None,None,None,None,None,0,0,0,0,0,None,None,None,None,None,L2_L1,1047011,3.9.8,None,None,None,Author Recognition task,15511,None,None,0,j,None,None,None,a,r,y,j,None,n,n,n,None,816,1536,24,864,24,-7,-7,1536,None,15511,None,None,None,None,None,Win32,None,None,None,None,None
19,Kim Wassing,2,Mozilla,None,Netscape,5.0 (Windows),NON,None,1,None,None,None,None,0,None,None,None,06-02-26,06-02-26,10:41:02,None,None,None,None,None,None,0,0,0,0,0,None,None,None,None,None,L2_L1,1047011,3.9.8,None,None,None,Author Recognition task,15511,None,None,0,j,None,None,None,a,r,y,j,None,n,n,n,None,816,1536,24,864,24,-7,-7,1536,None,15511,None,None,None,None,None,Win32,None,None,None,None,None
19,Marc De Bel,3,Mozilla,None,Netscape,5.0 (Windows),AUT,None,1,None,None,None,None,1,None,None,None,06-02-26,06-02-26,10:41:02,None,None,None,None,None,None,0,0,0,0,0,None,None,None,None,None,L2_L1,1047011,3.9.8,None,None,None,Author Recognition task,15511,None,None,1,j,None,None,None,a,r,y,j,None,n,n,n,None,816,1536,24,864,24,-7,-7,1536,None,15511,None,None,None,None,None,Win32,None,None,None,None,None
19,Arnon Grunberg,4,Mozilla,None,Netscape,5.0 (Windows),AUT,None,0,None,None,None,None,1,None,None,None,06-02-26,06-02-26,10:41:02,None,None,None,None,None,None,0,0,0,0,0,None,None,None,None,None,L2_L1,1047011,3.9.8,None,None,None,Author Recognition task,15511,None,None,0,j,None,None,None,a,r,y,j,None,n,n,n,None,816,1536,24,864,24,-7,-7,1536,None,15511,None,None,None,None,None,Win32,None,None,None,None,None
19,Simone van der Vlugt,5,Mozilla,None,Netscape,5.0 (Windows),AUT,None,0,None,None,None,None,1,None,None,None,06-02-26,06-02-26,10:41:02,None,None,None,None,None,None,0,0,0,0,0,None,None,None,None,None,L2_L1,1047011,3.9.8,None,None,None,Author Recognition task,15511,None,None,0,j,None,None,None,a,r,y,j,None,n,n,n,None,816,1536,24,864,24,-7,-7,1536,None,15511,None,None,None,None,None,Win32,None,None,None,None,None
19,Umberto Eco,6,Mozilla,None,Netscape,5.0 (Windows),AUT,None,0,None,None,None,None,1,None,None,None,06-02-26,06-02-26,10:41:02,None,None,None,None,None,None,0,0,0,0,0,None,None,None,None,None,L2_L1,1047011,3.9.8,None,None,None,Author Recognition task,15511,None,None,0,j,None,None,None,a,r,y,j,None,n,n,n,None,816,1536,24,864,24,-7,-7,1536,None,15511,None,None,None,None,None,Win32,None,None,None,None,None
19,Jorge Eudoro Remache,7,Mozilla,None,Netscape,5.0 (Windows),NON,None,1,None,None,None,None,0,None,None,None,06-02-26,06-02-26,10:41:02,None,None,None,None,None,None,0,0,0,0,0,None,None,None,None,None,L2_L1,1047011,3.9.8,None,None,None,Author Recognition task,15511,None,None,0,j,None,None,None,a,r,y,j,None,n,n,n,None,816,1536,24,864,24,-7,-7,1536,None,15511,None,None,None,None,None,Win32,None,None,None,None,None
19,Jean M Auel,8,Mozilla,None,Netscape,5.0 (Windows),AUT,None,0,None,None,None,None,1,None,None,None,06-02-26,06-02-26,10:41:02,None,None,None,None,None,None,0,0,0,0,0,None,None,None,None,None,L2_L1,1047011,3.9.8,None,None,None,Author Recognition task,15511,None,None,0,j,None,None,None,a,r,y,j,None,n,n,n,None,816,1536,24,864,24,-7,-7,1536,None,15511,None,None,None,None,None,Win32,None,None,None,None,None
19,Jane Austen,9,Mozilla,None,Netscape,5.0 (Windows),AUT,None,0,None,None,None,None,1,None,None,None,06-02-26,06-02-26,10:41:02,None,None,None,None,None,None,0,0,0,0,0,None,None,None,None,None,L2_L1,1047011,3.9.8,None,None,None,Author Recognition task,15511,None,None,0,j,None,None,None,a,r,y,j,None,n,n,n,None,816,1536,24,864,24,-7,-7,1536,None,15511,None,None,None,None,None,Win32,None,None,None,None,None
19,Tom Lanoye,10,Mozilla,None,Netscape,5.0 (Windows),AUT,None,0,None,None,None,None,1,None,None,None,06-02-26,06-02-26,10:41:02,None,None,None,None,None,None,0,0,0,0,0,None,None,None,None,None,L2_L1,1047011,3.9.8,None,None,None,Author Recognition task,15511,None,None,0,j,None,None,None,a,r,y,j,None,n,n,n,None,816,1536,24,864,24,-7,-7,1536,None,15511,None,None,None,None,None,Win32,None,None,None,None,None
19,JRR Tolkien,11,Mozilla,None,Netscape,5.0 (Windows),AUT,None,0,None,None,None,None,1,None,None,None,06-02-26,06-02-26,10:41:02,None,None,None,None,None,None,0,0,0,0,0,None,None,None,None,None,L2_L1,1047011,3.9.8,None,None,None,Author Recognition task,15511,None,None,0,j,None,None,None,a,r,y,j,None,n,n,n,None,816,1536,24,864,24,-7,-7,1536,None,15511,None,None,None,None,None,Win32,None,None,None,None,None
19,Willem Frederik Hermans,12,Mozilla,None,Netscape,5.0 (Windows),AUT,None,0,None,None,None,None,1,None,None,None,06-02-26,06-02-26,10:41:02,None,None,None,None,None,None,0,0,0,0,0,None,None,None,None,None,L2_L1,1047011,3.9.8,None,None,None,Author Recognition task,15511,None,None,0,j,None,None,None,a,r,y,j,None,n,n,n,None,816,1536,24,864,24,-7,-7,1536,None,15511,None,None,None,None,None,Win32,None,None,None,None,None
19,Robert Teesdale,13,Mozilla,None,Netscape,5.0 (Windows),NON,None,1,None,None,None,None,0,None,None,None,06-02-26,06-02-26,10:41:02,None,None,None,None,None,None,0,0,0,0,0,None,None,None,None,None,L2_L1,1047011,3.9.8,None,None,None,Author Recognition task,15511,None,None,0,j,None,None,None,a,r,y,j,None,n,n,n,None,816,1536,24,864,24,-7,-7,1536,None,15511,None,None,None,None,None,Win32,None,None,None,None,None
19,Agatha Christie,14,Mozilla,None,Netscape,5.0 (Windows),AUT,None,1,None,None,None,None,1,None,None,None,06-02-26,06-02-26,10:41:02,None,None,None,None,None,None,0,0,0,0,0,None,None,None,None,None,L2_L1,1047011,3.9.8,None,None,None,Author Recognition task,15511,None,None,1,j,None,None,None,a,r,y,j,None,n,n,n,None,816,1536,24,864,24,-7,-7,1536,None,15511,None,None,None,None,None,Win32,None,None,None,None,None
19,Kathryn Lightner,15,Mozilla,None,Netscape,5.0 (Windows),NON,None,1,None,None,None,None,0,None,None,None,06-02-26,06-02-26,10:41:02,None,None,None,None,None,None,0,0,0,0,0,None,None,None,None,None,L2_L1,1047011,3.9.8,None,None,None,Author Recognition task,15511,None,None,0,j,None,None,None,a,r,y,j,None,n,n,n,None,816,1536,24,864,24,-7,-7,1536,None,15511,None,None,None,None,None,Win32,None,None,None,None,None
19,Haruki Murakami,16,Mozilla,None,Netscape,5.0 (Windows),AUT,None,0,None,None,None,None,1,None,None,None,06-02-26,06-02-26,10:41:02,None,None,None,None,None,None,0,0,0,0,0,None,None,None,None,None,L2_L1,1047011,3.9.8,None,None,None,Author Recognition task,15511,None,None,0,j,None,None,None,a,r,y,j,None,n,n,n,None,816,1536,24,864,24,-7,-7,1536,None,15511,None,None,None,None,None,Win32,None,None,None,None,None
19,Thea Beckman,17,Mozilla,None,Netscape,5.0 (Windows),AUT,None,0,None,None,None,None,1,None,None,None,06-02-26,06-02-26,10:41:02,None,None,None,None,None,None,0,0,0,0,0,None,None,None,None,None,L2_L1,1047011,3.9.8,None,None,None,Author Recognition task,15511,None,None,0,j,None,None,None,a,r,y,j,None,n,n,n,None,816,1536,24,864,24,-7,-7,1536,None,15511,None,None,None,None,None,Win32,None,None,None,None,None
19,JJ Voskuil,18,Mozilla,None,Netscape,5.0 (Windows),AUT,None,0,None,None,None,None,1,None,None,None,06-02-26,06-02-26,10:41:02,None,None,None,None,None,None,0,0,0,0,0,None,None,None,None,None,L2_L1,1047011,3.9.8,None,None,None,Author Recognition task,15511,None,None,0,j,None,None,None,a,r,y,j,None,n,n,n,None,816,1536,24,864,24,-7,-7,1536,None,15511,None,None,None,None,None,Win32,None,None,None,None,None
19,Bart Moeyaert,19,Mozilla,None,Netscape,5.0 (Windows),AUT,None,0,None,None,None,None,1,None,None,None,06-02-26,06-02-26,10:41:02,None,None,None,None,None,None,0,0,0,0,0,None,None,None,None,None,L2_L1,1047011,3.9.8,None,None,None,Author Recognition task,15511,None,None,0,j,None,None,None,a,r,y,j,None,n,n,n,None,816,1536,24,864,24,-7,-7,1536,None,15511,None,None,None,None,None,Win32,None,None,None,None,None
19,Virginia Woolf,20,Mozilla,None,Netscape,5.0 (Windows),AUT,None,0,None,None,None,None,1,None,None,None,06-02-26,06-02-26,10:41:02,None,None,None,None,None,None,0,0,0,0,0,None,None,None,None,None,L2_L1,1047011,3.9.8,None,None,None,Author Recognition task,15511,None,None,0,j,None,None,None,a,r,y,j,None,n,n,n,None,816,1536,24,864,24,-7,-7,1536,None,15511,None,None,None,None,None,Win32,None,None,None,None,None
19,Tomas Arensman,21,Mozilla,None,Netscape,5.0 (Windows),NON,None,1,None,None,None,None,0,None,None,None,06-02-26,06-02-26,10:41:02,None,None,None,None,None,None,0,0,0,0,0,None,None,None,None,None,L2_L1,1047011,3.9.8,None,None,None,Author Recognition task,15511,None,None,0,j,None,None,None,a,r,y,j,None,n,n,n,None,816,1536,24,864,24,-7,-7,1536,None,15511,None,None,None,None,None,Win32,None,None,None,None,None
19,Harry Mulisch,22,Mozilla,None,Netscape,5.0 (Windows),AUT,None,0,None,None,None,None,1,None,None,None,06-02-26,06-02-26,10:41:02,None,None,None,None,None,None,0,0,0,0,0,None,None,None,None,None,L2_L1,1047011,3.9.8,None,None,None,Author Recognition task,15511,None,None,0,j,None,None,None,a,r,y,j,None,n,n,n,None,816,1536,24,864,24,-7,-7,1536,None,15511,None,None,None,None,None,Win32,None,None,None,None,None
19,JD Salinger,23,Mozilla,None,Netscape,5.0 (Windows),AUT,None,0,None,None,None,None,1,None,None,None,06-02-26,06-02-26,10:41:02,None,None,None,None,None,None,0,0,0,0,0,None,None,None,None,None,L2_L1,1047011,3.9.8,None,None,None,Author Recognition task,15511,None,None,0,j,None,None,None,a,r,y,j,None,n,n,n,None,816,1536,24,864,24,-7,-7,1536,None,15511,None,None,None,None,None,Win32,None,None,None,None,None
19,Annie MG Schmidt,24,Mozilla,None,Netscape,5.0 (Windows),AUT,None,0,None,None,None,None,1,None,None,None,06-02-26,06-02-26,10:41:02,None,None,None,None,None,None,0,0,0,0,0,None,None,None,None,None,L2_L1,1047011,3.9.8,None,None,None,Author Recognition task,15511,None,None,0,j,None,None,None,a,r,y,j,None,n,n,n,None,816,1536,24,864,24,-7,-7,1536,None,15511,None,None,None,None,None,Win32,None,None,None,None,None
19,Karin Slaughter,25,Mozilla,None,Netscape,5.0 (Windows),AUT,None,0,None,None,None,None,1,None,None,None,06-02-26,06-02-26,10:41:02,None,None,None,None,None,None,0,0,0,0,0,None,None,None,None,None,L2_L1,1047011,3.9.8,None,None,None,Author Recognition task,15511,None,None,0,j,None,None,None,a,r,y,j,None,n,n,n,None,816,1536,24,864,24,-7,-7,1536,None,15511,None,None,None,None,None,Win32,None,None,None,None,None
19,Jeff Kinney,26,Mozilla,None,Netscape,5.0 (Windows),AUT,None,0,None,None,None,None,1,None,None,None,06-02-26,06-02-26,10:41:02,None,None,None,None,None,None,0,0,0,0,0,None,None,None,None,None,L2_L1,1047011,3.9.8,None,None,None,Author Recognition task,15511,None,None,0,j,None,None,None,a,r,y,j,None,n,n,n,None,816,1536,24,864,24,-7,-7,1536,None,15511,None,None,None,None,None,Win32,None,None,None,None,None
19,Georges Roudaut,27,Mozilla,None,Netscape,5.0 (Windows),NON,None,1,None,None,None,None,0,None,None,None,06-02-26,06-02-26,10:41:02,None,None,None,None,None,None,0,0,0,0,0,None,None,None,None,None,L2_L1,1047011,3.9.8,None,None,None,Author Recognition task,15511,None,None,0,j,None,None,None,a,r,y,j,None,n,n,n,None,816,1536,24,864,24,-7,-7,1536,None,15511,None,None,None,None,None,Win32,None,None,None,None,None
19,James Patterson,28,Mozilla,None,Netscape,5.0 (Windows),AUT,None,1,None,None,None,None,1,None,None,None,06-02-26,06-02-26,10:41:02,None,None,None,None,None,None,0,0,0,0,0,None,None,None,None,None,L2_L1,1047011,3.9.8,None,None,None,Author Recognition task,15511,None,None,1,j,None,None,None,a,r,y,j,None,n,n,n,None,816,1536,24,864,24,-7,-7,1536,None,15511,None,None,None,None,None,Win32,None,None,None,None,None
19,Gabriel Garcia Márquez,29,Mozilla,None,Netscape,5.0 (Windows),AUT,None,0,None,None,None,None,1,None,None,None,06-02-26,06-02-26,10:41:02,None,None,None,None,None,None,0,0,0,0,0,None,None,None,None,None,L2_L1,1047011,3.9.8,None,None,None,Author Recognition task,15511,None,None,0,j,None,None,None,a,r,y,j,None,n,n,n,None,816,1536,24,864,24,-7,-7,1536,None,15511,None,None,None,None,None,Win32,None,None,None,None,None
19,Mathijs L van Bueren,30,Mozilla,None,Netscape,5.0 (Windows),NON,None,1,None,None,None,None,0,None,None,None,06-02-26,06-02-26,10:41:02,None,None,None,None,None,None,0,0,0,0,0,None,None,None,None,None,L2_L1,1047011,3.9.8,None,None,None,Author Recognition task,15511,None,None,0,j,None,None,None,a,r,y,j,None,n,n,n,None,816,1536,24,864,24,-7,-7,1536,None,15511,None,None,None,None,None,Win32,None,None,None,None,None
19,Esther Verhoef,31,Mozilla,None,Netscape,5.0 (Windows),AUT,None,0,None,None,None,None,1,None,None,None,06-02-26,06-02-26,10:41:02,None,None,None,None,None,None,0,0,0,0,0,None,None,None,None,None,L2_L1,1047011,3.9.8,None,None,None,Author Recognition task,15511,None,None,0,j,None,None,None,a,r,y,j,None,n,n,n,None,816,1536,24,864,24,-7,-7,1536,None,15511,None,None,None,None,None,Win32,None,None,None,None,None
19,Vladimir Nabokov,32,Mozilla,None,Netscape,5.0 (Windows),AUT,None,0,None,None,None,None,1,None,None,None,06-02-26,06-02-26,10:41:02,None,None,None,None,None,None,0,0,0,0,0,None,None,None,None,None,L2_L1,1047011,3.9.8,None,None,None,Author Recognition task,15511,None,None,0,j,None,None,None,a,r,y,j,None,n,n,n,None,816,1536,24,864,24,-7,-7,1536,None,15511,None,None,None,None,None,Win32,None,None,None,None,None
19,Tim Krabbé,33,Mozilla,None,Netscape,5.0 (Windows),AUT,None,0,None,None,None,None,1,None,None,None,06-02-26,06-02-26,10:41:02,None,None,None,None,None,None,0,0,0,0,0,None,None,None,None,None,L2_L1,1047011,3.9.8,None,None,None,Author Recognition task,15511,None,None,0,j,None,None,None,a,r,y,j,None,n,n,n,None,816,1536,24,864,24,-7,-7,1536,None,15511,None,None,None,None,None,Win32,None,None,None,None,None
19,HM van der Grinten,34,Mozilla,None,Netscape,5.0 (Windows),NON,None,1,None,None,None,None,0,None,None,None,06-02-26,06-02-26,10:41:02,None,None,None,None,None,None,0,0,0,0,0,None,None,None,None,None,L2_L1,1047011,3.9.8,None,None,None,Author Recognition task,15511,None,None,0,j,None,None,None,a,r,y,j,None,n,n,n,None,816,1536,24,864,24,-7,-7,1536,None,15511,None,None,None,None,None,Win32,None,None,None,None,None
19,Hermann Hesse,35,Mozilla,None,Netscape,5.0 (Windows),AUT,None,0,None,None,None,None,1,None,None,None,06-02-26,06-02-26,10:41:02,None,None,None,None,None,None,0,0,0,0,0,None,None,None,None,None,L2_L1,1047011,3.9.8,None,None,None,Author Recognition task,15511,None,None,0,j,None,None,None,a,r,y,j,None,n,n,n,None,816,1536,24,864,24,-7,-7,1536,None,15511,None,None,None,None,None,Win32,None,None,None,None,None
19,Jane Jessup,36,Mozilla,None,Netscape,5.0 (Windows),NON,None,1,None,None,None,None,0,None,None,None,06-02-26,06-02-26,10:41:02,None,None,None,None,None,None,0,0,0,0,0,None,None,None,None,None,L2_L1,1047011,3.9.8,None,None,None,Author Recognition task,15511,None,None,0,j,None,None,None,a,r,y,j,None,n,n,n,None,816,1536,24,864,24,-7,-7,1536,None,15511,None,None,None,None,None,Win32,None,None,None,None,None
19,Ludwig Lorenz,37,Mozilla,None,Netscape,5.0 (Windows),NON,None,1,None,None,None,None,0,None,None,None,06-02-26,06-02-26,10:41:02,None,None,None,None,None,None,0,0,0,0,0,None,None,None,None,None,L2_L1,1047011,3.9.8,None,None,None,Author Recognition task,15511,None,None,0,j,None,None,None,a,r,y,j,None,n,n,n,None,816,1536,24,864,24,-7,-7,1536,None,15511,None,None,None,None,None,Win32,None,None,None,None,None
19,Herman Brusselmans,38,Mozilla,None,Netscape,5.0 (Windows),AUT,None,1,None,None,None,None,1,None,None,None,06-02-26,06-02-26,10:41:02,None,None,None,None,None,None,0,0,0,0,0,None,None,None,None,None,L2_L1,1047011,3.9.8,None,None,None,Author Recognition task,15511,None,None,1,j,None,None,None,a,r,y,j,None,n,n,n,None,816,1536,24,864,24,-7,-7,1536,None,15511,None,None,None,None,None,Win32,None,None,None,None,None
19,Elizabeth Wigelsworth,39,Mozilla,None,Netscape,5.0 (Windows),NON,None,1,None,None,None,None,0,None,None,None,06-02-26,06-02-26,10:41:02,None,None,None,None,None,None,0,0,0,0,0,None,None,None,None,None,L2_L1,1047011,3.9.8,None,None,None,Author Recognition task,15511,None,None,0,j,None,None,None,a,r,y,j,None,n,n,n,None,816,1536,24,864,24,-7,-7,1536,None,15511,None,None,None,None,None,Win32,None,None,None,None,None
19,Richard Grigley,40,Mozilla,None,Netscape,5.0 (Windows),NON,None,1,None,None,None,None,0,None,None,None,06-02-26,06-02-26,10:41:02,None,None,None,None,None,None,0,0,0,0,0,None,None,None,None,None,L2_L1,1047011,3.9.8,None,None,None,Author Recognition task,15511,None,None,0,j,None,None,None,a,r,y,j,None,n,n,n,None,816,1536,24,864,24,-7,-7,1536,None,15511,None,None,None,None,None,Win32,None,None,None,None,None
19,Lucinda Riley,41,Mozilla,None,Netscape,5.0 (Windows),AUT,None,0,None,None,None,None,1,None,None,None,06-02-26,06-02-26,10:41:02,None,None,None,None,None,None,0,0,0,0,0,None,None,None,None,None,L2_L1,1047011,3.9.8,None,None,None,Author Recognition task,15511,None,None,0,j,None,None,None,a,r,y,j,None,n,n,n,None,816,1536,24,864,24,-7,-7,1536,None,15511,None,None,None,None,None,Win32,None,None,None,None,None
19,Tim Singler,42,Mozilla,None,Netscape,5.0 (Windows),NON,None,1,None,None,None,None,0,None,None,None,06-02-26,06-02-26,10:41:02,None,None,None,None,None,None,0,0,0,0,0,None,None,None,None,None,L2_L1,1047011,3.9.8,None,None,None,Author Recognition task,15511,None,None,0,j,None,None,None,a,r,y,j,None,n,n,n,None,816,1536,24,864,24,-7,-7,1536,None,15511,None,None,None,None,None,Win32,None,None,None,None,None
19,John Kestley,43,Mozilla,None,Netscape,5.0 (Windows),NON,None,1,None,None,None,None,0,None,None,None,06-02-26,06-02-26,10:41:02,None,None,None,None,None,None,0,0,0,0,0,None,None,None,None,None,L2_L1,1047011,3.9.8,None,None,None,Author Recognition task,15511,None,None,0,j,None,None,None,a,r,y,j,None,n,n,n,None,816,1536,24,864,24,-7,-7,1536,None,15511,None,None,None,None,None,Win32,None,None,None,None,None
19,Connie Palmen,44,Mozilla,None,Netscape,5.0 (Windows),AUT,None,0,None,None,None,None,1,None,None,None,06-02-26,06-02-26,10:41:02,None,None,None,None,None,None,0,0,0,0,0,None,None,None,None,None,L2_L1,1047011,3.9.8,None,None,None,Author Recognition task,15511,None,None,0,j,None,None,None,a,r,y,j,None,n,n,n,None,816,1536,24,864,24,-7,-7,1536,None,15511,None,None,None,None,None,Win32,None,None,None,None,None
19,Susan Smit,45,Mozilla,None,Netscape,5.0 (Windows),AUT,None,0,None,None,None,None,1,None,None,None,06-02-26,06-02-26,10:41:02,None,None,None,None,None,None,0,0,0,0,0,None,None,None,None,None,L2_L1,1047011,3.9.8,None,None,None,Author Recognition task,15511,None,None,0,j,None,None,None,a,r,y,j,None,n,n,n,None,816,1536,24,864,24,-7,-7,1536,None,15511,None,None,None,None,None,Win32,None,None,None,None,None
19,Stephenie Meyer,46,Mozilla,None,Netscape,5.0 (Windows),AUT,None,0,None,None,None,None,1,None,None,None,06-02-26,06-02-26,10:41:02,None,None,None,None,None,None,0,0,0,0,0,None,None,None,None,None,L2_L1,1047011,3.9.8,None,None,None,Author Recognition task,15511,None,None,0,j,None,None,None,a,r,y,j,None,n,n,n,None,816,1536,24,864,24,-7,-7,1536,None,15511,None,None,None,None,None,Win32,None,None,None,None,None
19,Roberto Borsani,47,Mozilla,None,Netscape,5.0 (Windows),NON,None,1,None,None,None,None,0,None,None,None,06-02-26,06-02-26,10:41:02,None,None,None,None,None,None,0,0,0,0,0,None,None,None,None,None,L2_L1,1047011,3.9.8,None,None,None,Author Recognition task,15511,None,None,0,j,None,None,None,a,r,y,j,None,n,n,n,None,816,1536,24,864,24,-7,-7,1536,None,15511,None,None,None,None,None,Win32,None,None,None,None,None
19,Mark Twain,48,Mozilla,None,Netscape,5.0 (Windows),AUT,None,1,None,None,None,None,1,None,None,None,06-02-26,06-02-26,10:41:02,None,None,None,None,None,None,0,0,0,0,0,None,None,None,None,None,L2_L1,1047011,3.9.8,None,None,None,Author Recognition task,15511,None,None,1,j,None,None,None,a,r,y,j,None,n,n,n,None,816,1536,24,864,24,-7,-7,1536,None,15511,None,None,None,None,None,Win32,None,None,None,None,None
19,Judith L Schecter,49,Mozilla,None,Netscape,5.0 (Windows),NON,None,1,None,None,None,None,0,None,None,None,06-02-26,06-02-26,10:41:02,None,None,None,None,None,None,0,0,0,0,0,None,None,None,None,None,L2_L1,1047011,3.9.8,None,None,None,Author Recognition task,15511,None,None,0,j,None,None,None,a,r,y,j,None,n,n,n,None,816,1536,24,864,24,-7,-7,1536,None,15511,None,None,None,None,None,Win32,None,None,None,None,None
19,David Baldacci,50,Mozilla,None,Netscape,5.0 (Windows),AUT,None,0,None,None,None,None,1,None,None,None,06-02-26,06-02-26,10:41:02,None,None,None,None,None,None,0,0,0,0,0,None,None,None,None,None,L2_L1,1047011,3.9.8,None,None,None,Author Recognition task,15511,None,None,0,j,None,None,None,a,r,y,j,None,n,n,n,None,816,1536,24,864,24,-7,-7,1536,None,15511,None,None,None,None,None,Win32,None,None,None,None,None
19,Stieg Larsson,51,Mozilla,None,Netscape,5.0 (Windows),AUT,None,0,None,None,None,None,1,None,None,None,06-02-26,06-02-26,10:41:02,None,None,None,None,None,None,0,0,0,0,0,None,None,None,None,None,L2_L1,1047011,3.9.8,None,None,None,Author Recognition task,15511,None,None,0,j,None,None,None,a,r,y,j,None,n,n,n,None,816,1536,24,864,24,-7,-7,1536,None,15511,None,None,None,None,None,Win32,None,None,None,None,None
19,Carry Slee,52,Mozilla,None,Netscape,5.0 (Windows),AUT,None,0,None,None,None,None,1,None,None,None,06-02-26,06-02-26,10:41:02,None,None,None,None,None,None,0,0,0,0,0,None,None,None,None,None,L2_L1,1047011,3.9.8,None,None,None,Author Recognition task,15511,None,None,0,j,None,None,None,a,r,y,j,None,n,n,n,None,816,1536,24,864,24,-7,-7,1536,None,15511,None,None,None,None,None,Win32,None,None,None,None,None
19,JM Coetzee,53,Mozilla,None,Netscape,5.0 (Windows),AUT,None,0,None,None,None,None,1,None,None,None,06-02-26,06-02-26,10:41:02,None,None,None,None,None,None,0,0,0,0,0,None,None,None,None,None,L2_L1,1047011,3.9.8,None,None,None,Author Recognition task,15511,None,None,0,j,None,None,None,a,r,y,j,None,n,n,n,None,816,1536,24,864,24,-7,-7,1536,None,15511,None,None,None,None,None,Win32,None,None,None,None,None
19,Melanie Marrero Morales,54,Mozilla,None,Netscape,5.0 (Windows),NON,None,1,None,None,None,None,0,None,None,None,06-02-26,06-02-26,10:41:02,None,None,None,None,None,None,0,0,0,0,0,None,None,None,None,None,L2_L1,1047011,3.9.8,None,None,None,Author Recognition task,15511,None,None,0,j,None,None,None,a,r,y,j,None,n,n,n,None,816,1536,24,864,24,-7,-7,1536,None,15511,None,None,None,None,None,Win32,None,None,None,None,None
19,Santa Montefiore,55,Mozilla,None,Netscape,5.0 (Windows),AUT,None,0,None,None,None,None,1,None,None,None,06-02-26,06-02-26,10:41:02,None,None,None,None,None,None,0,0,0,0,0,None,None,None,None,None,L2_L1,1047011,3.9.8,None,None,None,Author Recognition task,15511,None,None,0,j,None,None,None,a,r,y,j,None,n,n,n,None,816,1536,24,864,24,-7,-7,1536,None,15511,None,None,None,None,None,Win32,None,None,None,None,None
19,Manon Sikkel,56,Mozilla,None,Netscape,5.0 (Windows),AUT,None,0,None,None,None,None,1,None,None,None,06-02-26,06-02-26,10:41:02,None,None,None,None,None,None,0,0,0,0,0,None,None,None,None,None,L2_L1,1047011,3.9.8,None,None,None,Author Recognition task,15511,None,None,0,j,None,None,None,a,r,y,j,None,n,n,n,None,816,1536,24,864,24,-7,-7,1536,None,15511,None,None,None,None,None,Win32,None,None,None,None,None
19,Marcus Fernandes,57,Mozilla,None,Netscape,5.0 (Windows),NON,None,1,None,None,None,None,0,None,None,None,06-02-26,06-02-26,10:41:02,None,None,None,None,None,None,0,0,0,0,0,None,None,None,None,None,L2_L1,1047011,3.9.8,None,None,None,Author Recognition task,15511,None,None,0,j,None,None,None,a,r,y,j,None,n,n,n,None,816,1536,24,864,24,-7,-7,1536,None,15511,None,None,None,None,None,Win32,None,None,None,None,None
19,John Green,58,Mozilla,None,Netscape,5.0 (Windows),AUT,None,1,None,None,None,None,1,None,None,None,06-02-26,06-02-26,10:41:02,None,None,None,None,None,None,0,0,0,0,0,None,None,None,None,None,L2_L1,1047011,3.9.8,None,None,None,Author Recognition task,15511,None,None,1,j,None,None,None,a,r,y,j,None,n,n,n,None,816,1536,24,864,24,-7,-7,1536,None,15511,None,None,None,None,None,Win32,None,None,None,None,None
19,Jostein Gaarder,59,Mozilla,None,Netscape,5.0 (Windows),AUT,None,0,None,None,None,None,1,None,None,None,06-02-26,06-02-26,10:41:02,None,None,None,None,None,None,0,0,0,0,0,None,None,None,None,None,L2_L1,1047011,3.9.8,None,None,None,Author Recognition task,15511,None,None,0,j,None,None,None,a,r,y,j,None,n,n,n,None,816,1536,24,864,24,-7,-7,1536,None,15511,None,None,None,None,None,Win32,None,None,None,None,None
19,Andrée Oudin,60,Mozilla,None,Netscape,5.0 (Windows),NON,None,1,None,None,None,None,0,None,None,None,06-02-26,06-02-26,10:41:02,None,None,None,None,None,None,0,0,0,0,0,None,None,None,None,None,L2_L1,1047011,3.9.8,None,None,None,Author Recognition task,15511,None,None,0,j,None,None,None,a,r,y,j,None,n,n,n,None,816,1536,24,864,24,-7,-7,1536,None,15511,None,None,None,None,None,Win32,None,None,None,None,None
19,Jussi Adler-Olsen,61,Mozilla,None,Netscape,5.0 (Windows),AUT,None,0,None,None,None,None,1,None,None,None,06-02-26,06-02-26,10:41:02,None,None,None,None,None,None,0,0,0,0,0,None,None,None,None,None,L2_L1,1047011,3.9.8,None,None,None,Author Recognition task,15511,None,None,0,j,None,None,None,a,r,y,j,None,n,n,n,None,816,1536,24,864,24,-7,-7,1536,None,15511,None,None,None,None,None,Win32,None,None,None,None,None
19,Elizabeth George,62,Mozilla,None,Netscape,5.0 (Windows),AUT,None,0,None,None,None,None,1,None,None,None,06-02-26,06-02-26,10:41:02,None,None,None,None,None,None,0,0,0,0,0,None,None,None,None,None,L2_L1,1047011,3.9.8,None,None,None,Author Recognition task,15511,None,None,0,j,None,None,None,a,r,y,j,None,n,n,n,None,816,1536,24,864,24,-7,-7,1536,None,15511,None,None,None,None,None,Win32,None,None,None,None,None
19,Marion Pauw,63,Mozilla,None,Netscape,5.0 (Windows),AUT,None,0,None,None,None,None,1,None,None,None,06-02-26,06-02-26,10:41:02,None,None,None,None,None,None,0,0,0,0,0,None,None,None,None,None,L2_L1,1047011,3.9.8,None,None,None,Author Recognition task,15511,None,None,0,j,None,None,None,a,r,y,j,None,n,n,n,None,816,1536,24,864,24,-7,-7,1536,None,15511,None,None,None,None,None,Win32,None,None,None,None,None
19,Eric Ferey,64,Mozilla,None,Netscape,5.0 (Windows),NON,None,1,None,None,None,None,0,None,None,None,06-02-26,06-02-26,10:41:02,None,None,None,None,None,None,0,0,0,0,0,None,None,None,None,None,L2_L1,1047011,3.9.8,None,None,None,Author Recognition task,15511,None,None,0,j,None,None,None,a,r,y,j,None,n,n,n,None,816,1536,24,864,24,-7,-7,1536,None,15511,None,None,None,None,None,Win32,None,None,None,None,None
19,Mahmoud Abdellah,65,Mozilla,None,Netscape,5.0 (Windows),NON,None,1,None,None,None,None,0,None,None,None,06-02-26,06-02-26,10:41:02,None,None,None,None,None,None,0,0,0,0,0,None,None,None,None,None,L2_L1,1047011,3.9.8,None,None,None,Author Recognition task,15511,None,None,0,j,None,None,None,a,r,y,j,None,n,n,n,None,816,1536,24,864,24,-7,-7,1536,None,15511,None,None,None,None,None,Win32,None,None,None,None,None
19,Kettil Christoffersen,66,Mozilla,None,Netscape,5.0 (Windows),NON,None,1,None,None,None,None,0,None,None,None,06-02-26,06-02-26,10:41:02,None,None,None,None,None,None,0,0,0,0,0,None,None,None,None,None,L2_L1,1047011,3.9.8,None,None,None,Author Recognition task,15511,None,None,0,j,None,None,None,a,r,y,j,None,n,n,n,None,816,1536,24,864,24,-7,-7,1536,None,15511,None,None,None,None,None,Win32,None,None,None,None,None
19,AFTh Van der Heijden,67,Mozilla,None,Netscape,5.0 (Windows),AUT,None,0,None,None,None,None,1,None,None,None,06-02-26,06-02-26,10:41:02,None,None,None,None,None,None,0,0,0,0,0,None,None,None,None,None,L2_L1,1047011,3.9.8,None,None,None,Author Recognition task,15511,None,None,0,j,None,None,None,a,r,y,j,None,n,n,n,None,816,1536,24,864,24,-7,-7,1536,None,15511,None,None,None,None,None,Win32,None,None,None,None,None
19,Anne Provoost,68,Mozilla,None,Netscape,5.0 (Windows),AUT,None,0,None,None,None,None,1,None,None,None,06-02-26,06-02-26,10:41:02,None,None,None,None,None,None,0,0,0,0,0,None,None,None,None,None,L2_L1,1047011,3.9.8,None,None,None,Author Recognition task,15511,None,None,0,j,None,None,None,a,r,y,j,None,n,n,n,None,816,1536,24,864,24,-7,-7,1536,None,15511,None,None,None,None,None,Win32,None,None,None,None,None
19,Paulo Coelho,69,Mozilla,None,Netscape,5.0 (Windows),AUT,None,0,None,None,None,None,1,None,None,None,06-02-26,06-02-26,10:41:02,None,None,None,None,None,None,0,0,0,0,0,None,None,None,None,None,L2_L1,1047011,3.9.8,None,None,None,Author Recognition task,15511,None,None,0,j,None,None,None,a,r,y,j,None,n,n,n,None,816,1536,24,864,24,-7,-7,1536,None,15511,None,None,None,None,None,Win32,None,None,None,None,None
19,Francine Oomen,70,Mozilla,None,Netscape,5.0 (Windows),AUT,None,0,None,None,None,None,1,None,None,None,06-02-26,06-02-26,10:41:02,None,None,None,None,None,None,0,0,0,0,0,None,None,None,None,None,L2_L1,1047011,3.9.8,None,None,None,Author Recognition task,15511,None,None,0,j,None,None,None,a,r,y,j,None,n,n,n,None,816,1536,24,864,24,-7,-7,1536,None,15511,None,None,None,None,None,Win32,None,None,None,None,None
19,Roy Leeman,71,Mozilla,None,Netscape,5.0 (Windows),NON,None,1,None,None,None,None,0,None,None,None,06-02-26,06-02-26,10:41:02,None,None,None,None,None,None,0,0,0,0,0,None,None,None,None,None,L2_L1,1047011,3.9.8,None,None,None,Author Recognition task,15511,None,None,0,j,None,None,None,a,r,y,j,None,n,n,n,None,816,1536,24,864,24,-7,-7,1536,None,15511,None,None,None,None,None,Win32,None,None,None,None,None
19,Michel Houellebecq,72,Mozilla,None,Netscape,5.0 (Windows),AUT,None,0,None,None,None,None,1,None,None,None,06-02-26,06-02-26,10:41:02,None,None,None,None,None,None,0,0,0,0,0,None,None,None,None,None,L2_L1,1047011,3.9.8,None,None,None,Author Recognition task,15511,None,None,0,j,None,None,None,a,r,y,j,None,n,n,n,None,816,1536,24,864,24,-7,-7,1536,None,15511,None,None,None,None,None,Win32,None,None,None,None,None
19,Paul van Loon,73,Mozilla,None,Netscape,5.0 (Windows),AUT,None,1,None,None,None,None,1,None,None,None,06-02-26,06-02-26,10:41:02,None,None,None,None,None,None,0,0,0,0,0,None,None,None,None,None,L2_L1,1047011,3.9.8,None,None,None,Author Recognition task,15511,None,None,1,j,None,None,None,a,r,y,j,None,n,n,n,None,816,1536,24,864,24,-7,-7,1536,None,15511,None,None,None,None,None,Win32,None,None,None,None,None
19,Suzanne Vermeer,74,Mozilla,None,Netscape,5.0 (Windows),AUT,None,0,None,None,None,None,1,None,None,None,06-02-26,06-02-26,10:41:02,None,None,None,None,None,None,0,0,0,0,0,None,None,None,None,None,L2_L1,1047011,3.9.8,None,None,None,Author Recognition task,15511,None,None,0,j,None,None,None,a,r,y,j,None,n,n,n,None,816,1536,24,864,24,-7,-7,1536,None,15511,None,None,None,None,None,Win32,None,None,None,None,None
19,Margaret Atwood,75,Mozilla,None,Netscape,5.0 (Windows),AUT,None,0,None,None,None,None,1,None,None,None,06-02-26,06-02-26,10:41:02,None,None,None,None,None,None,0,0,0,0,0,None,None,None,None,None,L2_L1,1047011,3.9.8,None,None,None,Author Recognition task,15511,None,None,0,j,None,None,None,a,r,y,j,None,n,n,n,None,816,1536,24,864,24,-7,-7,1536,None,15511,None,None,None,None,None,Win32,None,None,None,None,None
19,Miguel de Cervantes,76,Mozilla,None,Netscape,5.0 (Windows),AUT,None,0,None,None,None,None,1,None,None,None,06-02-26,06-02-26,10:41:02,None,None,None,None,None,None,0,0,0,0,0,None,None,None,None,None,L2_L1,1047011,3.9.8,None,None,None,Author Recognition task,15511,None,None,0,j,None,None,None,a,r,y,j,None,n,n,n,None,816,1536,24,864,24,-7,-7,1536,None,15511,None,None,None,None,None,Win32,None,None,None,None,None
19,Konstantin Ryschkov,77,Mozilla,None,Netscape,5.0 (Windows),NON,None,1,None,None,None,None,0,None,None,None,06-02-26,06-02-26,10:41:02,None,None,None,None,None,None,0,0,0,0,0,None,None,None,None,None,L2_L1,1047011,3.9.8,None,None,None,Author Recognition task,15511,None,None,0,j,None,None,None,a,r,y,j,None,n,n,n,None,816,1536,24,864,24,-7,-7,1536,None,15511,None,None,None,None,None,Win32,None,None,None,None,None
19,Elena Ferrante,78,Mozilla,None,Netscape,5.0 (Windows),AUT,None,0,None,None,None,None,1,None,None,None,06-02-26,06-02-26,10:41:02,None,None,None,None,None,None,0,0,0,0,0,None,None,None,None,None,L2_L1,1047011,3.9.8,None,None,None,Author Recognition task,15511,None,None,0,j,None,None,None,a,r,y,j,None,n,n,n,None,816,1536,24,864,24,-7,-7,1536,None,15511,None,None,None,None,None,Win32,None,None,None,None,None
19,Lulu Wang,79,Mozilla,None,Netscape,5.0 (Windows),AUT,None,0,None,None,None,None,1,None,None,None,06-02-26,06-02-26,10:41:02,None,None,None,None,None,None,0,0,0,0,0,None,None,None,None,None,L2_L1,1047011,3.9.8,None,None,None,Author Recognition task,15511,None,None,0,j,None,None,None,a,r,y,j,None,n,n,n,None,816,1536,24,864,24,-7,-7,1536,None,15511,None,None,None,None,None,Win32,None,None,None,None,None
19,Sarah J Maas,80,Mozilla,None,Netscape,5.0 (Windows),AUT,None,0,None,None,None,None,1,None,None,None,06-02-26,06-02-26,10:41:02,None,None,None,None,None,None,0,0,0,0,0,None,None,None,None,None,L2_L1,1047011,3.9.8,None,None,None,Author Recognition task,15511,None,None,0,j,None,None,None,a,r,y,j,None,n,n,n,None,816,1536,24,864,24,-7,-7,1536,None,15511,None,None,None,None,None,Win32,None,None,None,None,None
19,Khaled Hosseini,81,Mozilla,None,Netscape,5.0 (Windows),AUT,None,0,None,None,None,None,1,None,None,None,06-02-26,06-02-26,10:41:02,None,None,None,None,None,None,0,0,0,0,0,None,None,None,None,None,L2_L1,1047011,3.9.8,None,None,None,Author Recognition task,15511,None,None,0,j,None,None,None,a,r,y,j,None,n,n,n,None,816,1536,24,864,24,-7,-7,1536,None,15511,None,None,None,None,None,Win32,None,None,None,None,None
19,Emily Oldani,82,Mozilla,None,Netscape,5.0 (Windows),NON,None,1,None,None,None,None,0,None,None,None,06-02-26,06-02-26,10:41:02,None,None,None,None,None,None,0,0,0,0,0,None,None,None,None,None,L2_L1,1047011,3.9.8,None,None,None,Author Recognition task,15511,None,None,0,j,None,None,None,a,r,y,j,None,n,n,n,None,816,1536,24,864,24,-7,-7,1536,None,15511,None,None,None,None,None,Win32,None,None,None,None,None
19,Hans Ulfsson,83,Mozilla,None,Netscape,5.0 (Windows),NON,None,1,None,None,None,None,0,None,None,None,06-02-26,06-02-26,10:41:02,None,None,None,None,None,None,0,0,0,0,0,None,None,None,None,None,L2_L1,1047011,3.9.8,None,None,None,Author Recognition task,15511,None,None,0,j,None,None,None,a,r,y,j,None,n,n,n,None,816,1536,24,864,24,-7,-7,1536,None,15511,None,None,None,None,None,Win32,None,None,None,None,None
19,Zofia Kwiatkowski,84,Mozilla,None,Netscape,5.0 (Windows),NON,None,1,None,None,None,None,0,None,None,None,06-02-26,06-02-26,10:41:02,None,None,None,None,None,None,0,0,0,0,0,None,None,None,None,None,L2_L1,1047011,3.9.8,None,None,None,Author Recognition task,15511,None,None,0,j,None,None,None,a,r,y,j,None,n,n,n,None,816,1536,24,864,24,-7,-7,1536,None,15511,None,None,None,None,None,Win32,None,None,None,None,None
19,Griet Op de Beeck,85,Mozilla,None,Netscape,5.0 (Windows),AUT,None,0,None,None,None,None,1,None,None,None,06-02-26,06-02-26,10:41:02,None,None,None,None,None,None,0,0,0,0,0,None,None,None,None,None,L2_L1,1047011,3.9.8,None,None,None,Author Recognition task,15511,None,None,0,j,None,None,None,a,r,y,j,None,n,n,n,None,816,1536,24,864,24,-7,-7,1536,None,15511,None,None,None,None,None,Win32,None,None,None,None,None
19,Pieter Aspe,86,Mozilla,None,Netscape,5.0 (Windows),AUT,None,0,None,None,None,None,1,None,None,None,06-02-26,06-02-26,10:41:02,None,None,None,None,None,None,0,0,0,0,0,None,None,None,None,None,L2_L1,1047011,3.9.8,None,None,None,Author Recognition task,15511,None,None,0,j,None,None,None,a,r,y,j,None,n,n,n,None,816,1536,24,864,24,-7,-7,1536,None,15511,None,None,None,None,None,Win32,None,None,None,None,None
19,Theresa Ziegler,87,Mozilla,None,Netscape,5.0 (Windows),NON,None,1,None,None,None,None,0,None,None,None,06-02-26,06-02-26,10:41:02,None,None,None,None,None,None,0,0,0,0,0,None,None,None,None,None,L2_L1,1047011,3.9.8,None,None,None,Author Recognition task,15511,None,None,0,j,None,None,None,a,r,y,j,None,n,n,n,None,816,1536,24,864,24,-7,-7,1536,None,15511,None,None,None,None,None,Win32,None,None,None,None,None
19,E.L.  James,88,Mozilla,None,Netscape,5.0 (Windows),AUT,None,0,None,None,None,None,1,None,None,None,06-02-26,06-02-26,10:41:02,None,None,None,None,None,None,0,0,0,0,0,None,None,None,None,None,L2_L1,1047011,3.9.8,None,None,None,Author Recognition task,15511,None,None,0,j,None,None,None,a,r,y,j,None,n,n,n,None,816,1536,24,864,24,-7,-7,1536,None,15511,None,None,None,None,None,Win32,None,None,None,None,None
19,Yasushi Sugawara,89,Mozilla,None,Netscape,5.0 (Windows),NON,None,1,None,None,None,None,0,None,None,None,06-02-26,06-02-26,10:41:02,None,None,None,None,None,None,0,0,0,0,0,None,None,None,None,None,L2_L1,1047011,3.9.8,None,None,None,Author Recognition task,15511,None,None,0,j,None,None,None,a,r,y,j,None,n,n,n,None,816,1536,24,864,24,-7,-7,1536,None,15511,None,None,None,None,None,Win32,None,None,None,None,None
19,Patricia Cornwell,90,Mozilla,None,Netscape,5.0 (Windows),AUT,None,1,None,None,None,None,1,None,None,None,06-02-26,06-02-26,10:41:02,None,None,None,None,None,None,0,0,0,0,0,None,None,None,None,None,L2_L1,1047011,3.9.8,None,None,None,Author Recognition task,15511,None,None,1,j,None,None,None,a,r,y,j,None,n,n,n,None,816,1536,24,864,24,-7,-7,1536,None,15511,None,None,None,None,None,Win32,None,None,None,None,None
19,Cees Nooteboom,91,Mozilla,None,Netscape,5.0 (Windows),AUT,None,0,None,None,None,None,1,None,None,None,06-02-26,06-02-26,10:41:02,None,None,None,None,None,None,0,0,0,0,0,None,None,None,None,None,L2_L1,1047011,3.9.8,None,None,None,Author Recognition task,15511,None,None,0,j,None,None,None,a,r,y,j,None,n,n,n,None,816,1536,24,864,24,-7,-7,1536,None,15511,None,None,None,None,None,Win32,None,None,None,None,None
19,Liz Pichon,92,Mozilla,None,Netscape,5.0 (Windows),AUT,None,0,None,None,None,None,1,None,None,None,06-02-26,06-02-26,10:41:02,None,None,None,None,None,None,0,0,0,0,0,None,None,None,None,None,L2_L1,1047011,3.9.8,None,None,None,Author Recognition task,15511,None,None,0,j,None,None,None,a,r,y,j,None,n,n,n,None,816,1536,24,864,24,-7,-7,1536,None,15511,None,None,None,None,None,Win32,None,None,None,None,None
19,George Eliot,93,Mozilla,None,Netscape,5.0 (Windows),AUT,None,1,None,None,None,None,1,None,None,None,06-02-26,06-02-26,10:41:02,None,None,None,None,None,None,0,0,0,0,0,None,None,None,None,None,L2_L1,1047011,3.9.8,None,None,None,Author Recognition task,15511,None,None,1,j,None,None,None,a,r,y,j,None,n,n,n,None,816,1536,24,864,24,-7,-7,1536,None,15511,None,None,None,None,None,Win32,None,None,None,None,None
19,John Grisham,94,Mozilla,None,Netscape,5.0 (Windows),AUT,None,0,None,None,None,None,1,None,None,None,06-02-26,06-02-26,10:41:02,None,None,None,None,None,None,0,0,0,0,0,None,None,None,None,None,L2_L1,1047011,3.9.8,None,None,None,Author Recognition task,15511,None,None,0,j,None,None,None,a,r,y,j,None,n,n,n,None,816,1536,24,864,24,-7,-7,1536,None,15511,None,None,None,None,None,Win32,None,None,None,None,None
19,Carlos Ruiz Zafón,95,Mozilla,None,Netscape,5.0 (Windows),AUT,None,0,None,None,None,None,1,None,None,None,06-02-26,06-02-26,10:41:02,None,None,None,None,None,None,0,0,0,0,0,None,None,None,None,None,L2_L1,1047011,3.9.8,None,None,None,Author Recognition task,15511,None,None,0,j,None,None,None,a,r,y,j,None,n,n,n,None,816,1536,24,864,24,-7,-7,1536,None,15511,None,None,None,None,None,Win32,None,None,None,None,None
19,Kyra Appels,96,Mozilla,None,Netscape,5.0 (Windows),NON,None,1,None,None,None,None,0,None,None,None,06-02-26,06-02-26,10:41:02,None,None,None,None,None,None,0,0,0,0,0,None,None,None,None,None,L2_L1,1047011,3.9.8,None,None,None,Author Recognition task,15511,None,None,0,j,None,None,None,a,r,y,j,None,n,n,n,None,816,1536,24,864,24,-7,-7,1536,None,15511,None,None,None,None,None,Win32,None,None,None,None,None
19,Bertolt Brecht,97,Mozilla,None,Netscape,5.0 (Windows),AUT,None,0,None,None,None,None,1,None,None,None,06-02-26,06-02-26,10:41:02,None,None,None,None,None,None,0,0,0,0,0,None,None,None,None,None,L2_L1,1047011,3.9.8,None,None,None,Author Recognition task,15511,None,None,0,j,None,None,None,a,r,y,j,None,n,n,n,None,816,1536,24,864,24,-7,-7,1536,None,15511,None,None,None,None,None,Win32,None,None,None,None,None
19,EL Wilford,98,Mozilla,None,Netscape,5.0 (Windows),NON,None,1,None,None,None,None,0,None,None,None,06-02-26,06-02-26,10:41:02,None,None,None,None,None,None,0,0,0,0,0,None,None,None,None,None,L2_L1,1047011,3.9.8,None,None,None,Author Recognition task,15511,None,None,0,j,None,None,None,a,r,y,j,None,n,n,n,None,816,1536,24,864,24,-7,-7,1536,None,15511,None,None,None,None,None,Win32,None,None,None,None,None
19,Emily Brontë,99,Mozilla,None,Netscape,5.0 (Windows),AUT,None,0,None,None,None,None,1,None,None,None,06-02-26,06-02-26,10:41:02,None,None,None,None,None,None,0,0,0,0,0,None,None,None,None,None,L2_L1,1047011,3.9.8,None,None,None,Author Recognition task,15511,None,None,0,j,None,None,None,a,r,y,j,None,n,n,n,None,816,1536,24,864,24,-7,-7,1536,None,15511,None,None,None,None,None,Win32,None,None,None,None,None
19,Tom Clancy,100,Mozilla,None,Netscape,5.0 (Windows),AUT,None,0,None,None,None,None,1,None,None,None,06-02-26,06-02-26,10:41:02,None,None,None,None,None,None,0,0,0,0,0,None,None,None,None,None,L2_L1,1047011,3.9.8,None,None,None,Author Recognition task,15511,None,None,0,j,None,None,None,a,r,y,j,None,n,n,n,None,816,1536,24,864,24,-7,-7,1536,None,15511,None,None,None,None,None,Win32,None,None,None,None,None
19,Helen Fitzgerald,101,Mozilla,None,Netscape,5.0 (Windows),AUT,None,0,None,None,None,None,1,None,None,None,06-02-26,06-02-26,10:41:02,None,None,None,None,None,None,0,0,0,0,0,None,None,None,None,None,L2_L1,1047011,3.9.8,None,None,None,Author Recognition task,15511,None,None,0,j,None,None,None,a,r,y,j,None,n,n,n,None,816,1536,24,864,24,-7,-7,1536,None,15511,None,None,None,None,None,Win32,None,None,None,None,None
19,Kristien Hemmerechts,102,Mozilla,None,Netscape,5.0 (Windows),AUT,None,0,None,None,None,None,1,None,None,None,06-02-26,06-02-26,10:41:02,None,None,None,None,None,None,0,0,0,0,0,None,None,None,None,None,L2_L1,1047011,3.9.8,None,None,None,Author Recognition task,15511,None,None,0,j,None,None,None,a,r,y,j,None,n,n,n,None,816,1536,24,864,24,-7,-7,1536,None,15511,None,None,None,None,None,Win32,None,None,None,None,None
19,Sara Lakin,103,Mozilla,None,Netscape,5.0 (Windows),NON,None,1,None,None,None,None,0,None,None,None,06-02-26,06-02-26,10:41:02,None,None,None,None,None,None,0,0,0,0,0,None,None,None,None,None,L2_L1,1047011,3.9.8,None,None,None,Author Recognition task,15511,None,None,0,j,None,None,None,a,r,y,j,None,n,n,n,None,816,1536,24,864,24,-7,-7,1536,None,15511,None,None,None,None,None,Win32,None,None,None,None,None
19,Emmanuelle Duvernay,104,Mozilla,None,Netscape,5.0 (Windows),NON,None,1,None,None,None,None,0,None,None,None,06-02-26,06-02-26,10:41:02,None,None,None,None,None,None,0,0,0,0,0,None,None,None,None,None,L2_L1,1047011,3.9.8,None,None,None,Author Recognition task,15511,None,None,0,j,None,None,None,a,r,y,j,None,n,n,n,None,816,1536,24,864,24,-7,-7,1536,None,15511,None,None,None,None,None,Win32,None,None,None,None,None
19,Harper Lee,105,Mozilla,None,Netscape,5.0 (Windows),AUT,None,0,None,None,None,None,1,None,None,None,06-02-26,06-02-26,10:41:02,None,None,None,None,None,None,0,0,0,0,0,None,None,None,None,None,L2_L1,1047011,3.9.8,None,None,None,Author Recognition task,15511,None,None,0,j,None,None,None,a,r,y,j,None,n,n,n,None,816,1536,24,864,24,-7,-7,1536,None,15511,None,None,None,None,None,Win32,None,None,None,None,None
19,Chiara Ricci,106,Mozilla,None,Netscape,5.0 (Windows),NON,None,1,None,None,None,None,0,None,None,None,06-02-26,06-02-26,10:41:02,None,None,None,None,None,None,0,0,0,0,0,None,None,None,None,None,L2_L1,1047011,3.9.8,None,None,None,Author Recognition task,15511,None,None,0,j,None,None,None,a,r,y,j,None,n,n,n,None,816,1536,24,864,24,-7,-7,1536,None,15511,None,None,None,None,None,Win32,None,None,None,None,None
19,Saskia De Coster,107,Mozilla,None,Netscape,5.0 (Windows),AUT,None,0,None,None,None,None,1,None,None,None,06-02-26,06-02-26,10:41:02,None,None,None,None,None,None,0,0,0,0,0,None,None,None,None,None,L2_L1,1047011,3.9.8,None,None,None,Author Recognition task,15511,None,None,0,j,None,None,None,a,r,y,j,None,n,n,n,None,816,1536,24,864,24,-7,-7,1536,None,15511,None,None,None,None,None,Win32,None,None,None,None,None
19,Isabel Allende,108,Mozilla,None,Netscape,5.0 (Windows),AUT,None,0,None,None,None,None,1,None,None,None,06-02-26,06-02-26,10:41:02,None,None,None,None,None,None,0,0,0,0,0,None,None,None,None,None,L2_L1,1047011,3.9.8,None,None,None,Author Recognition task,15511,None,None,0,j,None,None,None,a,r,y,j,None,n,n,n,None,816,1536,24,864,24,-7,-7,1536,None,15511,None,None,None,None,None,Win32,None,None,None,None,None
19,Roald Dahl,109,Mozilla,None,Netscape,5.0 (Windows),AUT,None,1,None,None,None,None,1,None,None,None,06-02-26,06-02-26,10:41:02,None,None,None,None,None,None,0,0,0,0,0,None,None,None,None,None,L2_L1,1047011,3.9.8,None,None,None,Author Recognition task,15511,None,None,1,j,None,None,None,a,r,y,j,None,n,n,n,None,816,1536,24,864,24,-7,-7,1536,None,15511,None,None,None,None,None,Win32,None,None,None,None,None
19,Kelly Weaver,110,Mozilla,None,Netscape,5.0 (Windows),NON,None,1,None,None,None,None,0,None,None,None,06-02-26,06-02-26,10:41:02,None,None,None,None,None,None,0,0,0,0,0,None,None,None,None,None,L2_L1,1047011,3.9.8,None,None,None,Author Recognition task,15511,None,None,0,j,None,None,None,a,r,y,j,None,n,n,n,None,816,1536,24,864,24,-7,-7,1536,None,15511,None,None,None,None,None,Win32,None,None,None,None,None
19,Stephen King,111,Mozilla,None,Netscape,5.0 (Windows),AUT,None,1,None,None,None,None,1,None,None,None,06-02-26,06-02-26,10:41:02,None,None,None,None,None,None,0,0,0,0,0,None,None,None,None,None,L2_L1,1047011,3.9.8,None,None,None,Author Recognition task,15511,None,None,1,j,None,None,None,a,r,y,j,None,n,n,n,None,816,1536,24,864,24,-7,-7,1536,None,15511,None,None,None,None,None,Win32,None,None,None,None,None
19,Dan Brown,112,Mozilla,None,Netscape,5.0 (Windows),AUT,None,0,None,None,None,None,1,None,None,None,06-02-26,06-02-26,10:41:02,None,None,None,None,None,None,0,0,0,0,0,None,None,None,None,None,L2_L1,1047011,3.9.8,None,None,None,Author Recognition task,15511,None,None,0,j,None,None,None,a,r,y,j,None,n,n,n,None,816,1536,24,864,24,-7,-7,1536,None,15511,None,None,None,None,None,Win32,None,None,None,None,None
19,John Flanagan,113,Mozilla,None,Netscape,5.0 (Windows),AUT,None,0,None,None,None,None,1,None,None,None,06-02-26,06-02-26,10:41:02,None,None,None,None,None,None,0,0,0,0,0,None,None,None,None,None,L2_L1,1047011,3.9.8,None,None,None,Author Recognition task,15511,None,None,0,j,None,None,None,a,r,y,j,None,n,n,n,None,816,1536,24,864,24,-7,-7,1536,None,15511,None,None,None,None,None,Win32,None,None,None,None,None
19,Rick Riordan,114,Mozilla,None,Netscape,5.0 (Windows),AUT,None,0,None,None,None,None,1,None,None,None,06-02-26,06-02-26,10:41:02,None,None,None,None,None,None,0,0,0,0,0,None,None,None,None,None,L2_L1,1047011,3.9.8,None,None,None,Author Recognition task,15511,None,None,0,j,None,None,None,a,r,y,j,None,n,n,n,None,816,1536,24,864,24,-7,-7,1536,None,15511,None,None,None,None,None,Win32,None,None,None,None,None
19,Herman Koch,115,Mozilla,None,Netscape,5.0 (Windows),AUT,None,0,None,None,None,None,1,None,None,None,06-02-26,06-02-26,10:41:02,None,None,None,None,None,None,0,0,0,0,0,None,None,None,None,None,L2_L1,1047011,3.9.8,None,None,None,Author Recognition task,15511,None,None,0,j,None,None,None,a,r,y,j,None,n,n,n,None,816,1536,24,864,24,-7,-7,1536,None,15511,None,None,None,None,None,Win32,None,None,None,None,None
19,JK Rowling,116,Mozilla,None,Netscape,5.0 (Windows),AUT,None,1,None,None,None,None,1,None,None,None,06-02-26,06-02-26,10:41:02,None,None,None,None,None,None,0,0,0,0,0,None,None,None,None,None,L2_L1,1047011,3.9.8,None,None,None,Author Recognition task,15511,None,None,1,j,None,None,None,a,r,y,j,None,n,n,n,None,816,1536,24,864,24,-7,-7,1536,None,15511,None,None,None,None,None,Win32,None,None,None,None,None
19,Pablo Daniel Gonzalez,117,Mozilla,None,Netscape,5.0 (Windows),NON,None,1,None,None,None,None,0,None,None,None,06-02-26,06-02-26,10:41:02,None,None,None,None,None,None,0,0,0,0,0,None,None,None,None,None,L2_L1,1047011,3.9.8,None,None,None,Author Recognition task,15511,None,None,0,j,None,None,None,a,r,y,j,None,n,n,n,None,816,1536,24,864,24,-7,-7,1536,None,15511,None,None,None,None,None,Win32,None,None,None,None,None
19,TC Boyle,118,Mozilla,None,Netscape,5.0 (Windows),AUT,None,0,None,None,None,None,1,None,None,None,06-02-26,06-02-26,10:41:02,None,None,None,None,None,None,0,0,0,0,0,None,None,None,None,None,L2_L1,1047011,3.9.8,None,None,None,Author Recognition task,15511,None,None,0,j,None,None,None,a,r,y,j,None,n,n,n,None,816,1536,24,864,24,-7,-7,1536,None,15511,None,None,None,None,None,Win32,None,None,None,None,None
19,Martijn van der Worp,119,Mozilla,None,Netscape,5.0 (Windows),NON,None,1,None,None,None,None,0,None,None,None,06-02-26,06-02-26,10:41:02,None,None,None,None,None,None,0,0,0,0,0,None,None,None,None,None,L2_L1,1047011,3.9.8,None,None,None,Author Recognition task,15511,None,None,0,j,None,None,None,a,r,y,j,None,n,n,n,None,816,1536,24,864,24,-7,-7,1536,None,15511,None,None,None,None,None,Win32,None,None,None,None,None
19,Hendrik van Weenen,120,Mozilla,None,Netscape,5.0 (Windows),NON,None,1,None,None,None,None,0,None,None,None,06-02-26,06-02-26,10:41:02,None,None,None,None,None,None,0,0,0,0,0,None,None,None,None,None,L2_L1,1047011,3.9.8,None,None,None,Author Recognition task,15511,None,None,0,j,None,None,None,a,r,y,j,None,n,n,n,None,816,1536,24,864,24,-7,-7,1536,None,15511,None,None,None,None,None,Win32,None,None,None,None,None
19,Guy de Maupassant,121,Mozilla,None,Netscape,5.0 (Windows),AUT,None,0,None,None,None,None,1,None,None,None,06-02-26,06-02-26,10:41:02,None,None,None,None,None,None,0,0,0,0,0,None,None,None,None,None,L2_L1,1047011,3.9.8,None,None,None,Author Recognition task,15511,None,None,0,j,None,None,None,a,r,y,j,None,n,n,n,None,816,1536,24,864,24,-7,-7,1536,None,15511,None,None,None,None,None,Win32,None,None,None,None,None
19,Tonke Dragt,122,Mozilla,None,Netscape,5.0 (Windows),AUT,None,0,None,None,None,None,1,None,None,None,06-02-26,06-02-26,10:41:02,None,None,None,None,None,None,0,0,0,0,0,None,None,None,None,None,L2_L1,1047011,3.9.8,None,None,None,Author Recognition task,15511,None,None,0,j,None,None,None,a,r,y,j,None,n,n,n,None,816,1536,24,864,24,-7,-7,1536,None,15511,None,None,None,None,None,Win32,None,None,None,None,None
19,Astrid Lindgren,123,Mozilla,None,Netscape,5.0 (Windows),AUT,None,0,None,None,None,None,1,None,None,None,06-02-26,06-02-26,10:41:02,None,None,None,None,None,None,0,0,0,0,0,None,None,None,None,None,L2_L1,1047011,3.9.8,None,None,None,Author Recognition task,15511,None,None,0,j,None,None,None,a,r,y,j,None,n,n,n,None,816,1536,24,864,24,-7,-7,1536,None,15511,None,None,None,None,None,Win32,None,None,None,None,None
19,Kader Abdolah,124,Mozilla,None,Netscape,5.0 (Windows),AUT,None,0,None,None,None,None,1,None,None,None,06-02-26,06-02-26,10:41:02,None,None,None,None,None,None,0,0,0,0,0,None,None,None,None,None,L2_L1,1047011,3.9.8,None,None,None,Author Recognition task,15511,None,None,0,j,None,None,None,a,r,y,j,None,n,n,n,None,816,1536,24,864,24,-7,-7,1536,None,15511,None,None,None,None,None,Win32,None,None,None,None,None
19,Suzanne Collins,125,Mozilla,None,Netscape,5.0 (Windows),AUT,None,0,None,None,None,None,1,None,None,None,06-02-26,06-02-26,10:41:02,None,None,None,None,None,None,0,0,0,0,0,None,None,None,None,None,L2_L1,1047011,3.9.8,None,None,None,Author Recognition task,15511,None,None,0,j,None,None,None,a,r,y,j,None,n,n,n,None,816,1536,24,864,24,-7,-7,1536,None,15511,None,None,None,None,None,Win32,None,None,None,None,None
19,John Punnett,126,Mozilla,None,Netscape,5.0 (Windows),NON,None,1,None,None,None,None,0,None,None,None,06-02-26,06-02-26,10:41:02,None,None,None,None,None,None,0,0,0,0,0,None,None,None,None,None,L2_L1,1047011,3.9.8,None,None,None,Author Recognition task,15511,None,None,0,j,None,None,None,a,r,y,j,None,n,n,n,None,816,1536,24,864,24,-7,-7,1536,None,15511,None,None,None,None,None,Win32,None,None,None,None,None
19,Charles Baudelaire,127,Mozilla,None,Netscape,5.0 (Windows),AUT,None,0,None,None,None,None,1,None,None,None,06-02-26,06-02-26,10:41:02,None,None,None,None,None,None,0,0,0,0,0,None,None,None,None,None,L2_L1,1047011,3.9.8,None,None,None,Author Recognition task,15511,None,None,0,j,None,None,None,a,r,y,j,None,n,n,n,None,816,1536,24,864,24,-7,-7,1536,None,15511,None,None,None,None,None,Win32,None,None,None,None,None
19,Dimitri Verhulst,128,Mozilla,None,Netscape,5.0 (Windows),AUT,None,0,None,None,None,None,1,None,None,None,06-02-26,06-02-26,10:41:02,None,None,None,None,None,None,0,0,0,0,0,None,None,None,None,None,L2_L1,1047011,3.9.8,None,None,None,Author Recognition task,15511,None,None,0,j,None,None,None,a,r,y,j,None,n,n,n,None,816,1536,24,864,24,-7,-7,1536,None,15511,None,None,None,None,None,Win32,None,None,None,None,None
19,Pim Duijster,129,Mozilla,None,Netscape,5.0 (Windows),NON,None,1,None,None,None,None,0,None,None,None,06-02-26,06-02-26,10:41:02,None,None,None,None,None,None,0,0,0,0,0,None,None,None,None,None,L2_L1,1047011,3.9.8,None,None,None,Author Recognition task,15511,None,None,0,j,None,None,None,a,r,y,j,None,n,n,n,None,816,1536,24,864,24,-7,-7,1536,None,15511,None,None,None,None,None,Win32,None,None,None,None,None
19,Mark Robin,130,Mozilla,None,Netscape,5.0 (Windows),NON,None,1,None,None,None,None,0,None,None,None,06-02-26,06-02-26,10:41:02,None,None,None,None,None,None,0,0,0,0,0,None,None,None,None,None,L2_L1,1047011,3.9.8,None,None,None,Author Recognition task,15511,None,None,0,j,None,None,None,a,r,y,j,None,n,n,n,None,816,1536,24,864,24,-7,-7,1536,None,15511,None,None,None,None,None,Win32,None,None,None,None,None
19,Annet de Jong,131,Mozilla,None,Netscape,5.0 (Windows),AUT,None,0,None,None,None,None,1,None,None,None,06-02-26,06-02-26,10:41:02,None,None,None,None,None,None,0,0,0,0,0,None,None,None,None,None,L2_L1,1047011,3.9.8,None,None,None,Author Recognition task,15511,None,None,0,j,None,None,None,a,r,y,j,None,n,n,n,None,816,1536,24,864,24,-7,-7,1536,None,15511,None,None,None,None,None,Win32,None,None,None,None,None
19,Nicci French,132,Mozilla,None,Netscape,5.0 (Windows),AUT,None,0,None,None,None,None,1,None,None,None,06-02-26,06-02-26,10:41:02,None,None,None,None,None,None,0,0,0,0,0,None,None,None,None,None,L2_L1,1047011,3.9.8,None,None,None,Author Recognition task,15511,None,None,0,j,None,None,None,a,r,y,j,None,n,n,n,None,816,1536,24,864,24,-7,-7,1536,None,15511,None,None,None,None,None,Win32,None,None,None,None,None
